Workbook

Sheet 評分標準與說明
A1: 116年度身心障礙者服務衛教執行計畫暨成效評量手冊 - 評分標準與使用說明 (空白範本)
A4: 分數 | B4: 評分等級 | C4: 判定標準與具體表現說明 | D4: 學習階段判定 | E4: 代表色彩 | F4: 備註說明
A5: 5 | B5: 可獨立完成 | C5: 不需要任何提示，能主動且正確無誤地完成完整步驟。 | D5: 🟢 獨立自主階段 (4.5~5.0分) | E5: 綠色 | F5: 達到完全自立水準
A6: 4 | B6: 口語提示 | C6: 支持者給予口頭提醒（如：「夾的動作呢？」）即可正確完成。 | D6: 🔵 口語提示階段 (3.5~4.4分) | E6: 藍色 | F6: 達到基本自立達標標準
A7: 3 | B7: 肢體協助 | C7: 需要支持者給予肢體引導或輕碰示範（如牽手引導角度）才能完成。 | D7: 🟡 肢體協助階段 (2.5~3.4分) | E7: 黃色 | F7: 需日常持續操作練習
A8: 2 | B8: 部分協助 | C8: 需支持者協助操作超過一半或關鍵步驟才能完成。 | D8: 🟡 部分協助階段 (2.0~2.4分) | E8: 橙色 | F8: 需拆解步驟個別引導
A9: 1 | B9: 大量協助 | C9: 大部分步驟由支持者代為操作，使用者僅能參與極少部分。 | D9: 🟠 大量協助階段 (1.0~1.9分) | E9: 紅橙色 | F9: 需支持者全程密集陪伴
A10: 0 | B10: 無法完成 | C10: 即使提供大量協助仍無法完成或拒絕配合操作。 | D10: 🔴 引導探索階段 (0.0~0.9分) | E10: 紅色 | F10: 需建立動機與基礎習慣
A12: ◆ 填寫方式指引
A13: 步驟 1 | B13: 請直接切換至各季評量打分表（Q1、Q2、Q3、Q4）。
A14: 步驟 2 | B14: 在「學員姓名」欄位輸入您的學員名字（可自行複製新增多位學員）。
A15: 步驟 3 | B15: 在指標 1 ～ 10 欄位輸入 0 ～ 5 分的評量得分。
A16: 步驟 4 | B16: 系統將自動計算【總得分】、【平均分】、【學習階段】、【達成率】、【進步分數】與【進步率】！

Sheet Q1評量打分
A1: 第一季 (1~3月)：健康衛生與日常照護 - 學員前測／課堂平時／後測評量打分表
A3: 【評分提示等級】5:可獨立完成 ｜ 4:口語提示 ｜ 3:肢體協助 ｜ 2:部分協助 ｜ 1:大量協助 ｜ 0:無法完成 (在指標 1~10 欄位填入 0~5 分)
A4: 學員姓名 | B4: 評量階段 | C4: 指標 1 | D4: 指標 2 | E4: 指標 3 | F4: 指標 4 | G4: 指標 5 | H4: 指標 6 | I4: 指標 7 | J4: 指標 8 | K4: 指標 9 | L4: 指標 10 | M4: 總得分 | N4: 平均分 | O4: 學習階段判定 | P4: 達成率 | Q4: 進步分數 | R4: 進步率 | S4: 成長百分點
C5: (0~5分) | D5: (0~5分) | E5: (0~5分) | F5: (0~5分) | G5: (0~5分) | H5: (0~5分) | I5: (0~5分) | J5: (0~5分) | K5: (0~5分) | L5: (0~5分) | M5: (滿分50) | N5: (0~5分) | O5: (等級標記) | P5: (%) | Q5: (後-前) | R5: (%) | S5: (%pt)
A6: 學員 1 | B6: 1. 前測 (第1月) | M6: =IF(COUNT(C6:L6)>0, SUM(C6:L6), "") | N6: =IF(COUNT(C6:L6)>0, AVERAGE(C6:L6), "") | O6: =IF(N6="","",IF(N6>=4.5,"🟢 獨立完成",IF(N6>=3.5,"🔵 口語提示",IF(N6>=2.0,"🟡 肢體/部分協助","🟠 大量協助")))) | P6: =IF(ISNUMBER(M6), M6/50, "") | Q6: =IF(AND(ISNUMBER(M6), ISNUMBER(M8)), M8-M6, "") | R6: =IF(AND(ISNUMBER(M6), ISNUMBER(M8)), IF(M6>0, (M8-M6)/M6, (M8-M6)/50), "") | S6: =IF(AND(ISNUMBER(P6), ISNUMBER(P8)), P8-P6, "")
B7: 2. 課堂 (第2月) | M7: =IF(COUNT(C7:L7)>0, SUM(C7:L7), "") | N7: =IF(COUNT(C7:L7)>0, AVERAGE(C7:L7), "") | O7: =IF(N7="","",IF(N7>=4.5,"🟢 獨立完成",IF(N7>=3.5,"🔵 口語提示",IF(N7>=2.0,"🟡 肢體/部分協助","🟠 大量協助")))) | P7: =IF(ISNUMBER(M7), M7/50, "")
B8: 3. 後測 (第3月) | M8: =IF(COUNT(C8:L8)>0, SUM(C8:L8), "") | N8: =IF(COUNT(C8:L8)>0, AVERAGE(C8:L8), "") | O8: =IF(N8="","",IF(N8>=4.5,"🟢 獨立完成",IF(N8>=3.5,"🔵 口語提示",IF(N8>=2.0,"🟡 肢體/部分協助","🟠 大量協助")))) | P8: =IF(ISNUMBER(M8), M8/50, "")
A9: 學員 2 | B9: 1. 前測 (第1月) | M9: =IF(COUNT(C9:L9)>0, SUM(C9:L9), "") | N9: =IF(COUNT(C9:L9)>0, AVERAGE(C9:L9), "") | O9: =IF(N9="","",IF(N9>=4.5,"🟢 獨立完成",IF(N9>=3.5,"🔵 口語提示",IF(N9>=2.0,"🟡 肢體/部分協助","🟠 大量協助")))) | P9: =IF(ISNUMBER(M9), M9/50, "") | Q9: =IF(AND(ISNUMBER(M9), ISNUMBER(M11)), M11-M9, "") | R9: =IF(AND(ISNUMBER(M9), ISNUMBER(M11)), IF(M9>0, (M11-M9)/M9, (M11-M9)/50), "") | S9: =IF(AND(ISNUMBER(P9), ISNUMBER(P11)), P11-P9, "")
B10: 2. 課堂 (第2月) | M10: =IF(COUNT(C10:L10)>0, SUM(C10:L10), "") | N10: =IF(COUNT(C10:L10)>0, AVERAGE(C10:L10), "") | O10: =IF(N10="","",IF(N10>=4.5,"🟢 獨立完成",IF(N10>=3.5,"🔵 口語提示",IF(N10>=2.0,"🟡 肢體/部分協助","🟠 大量協助")))) | P10: =IF(ISNUMBER(M10), M10/50, "")
B11: 3. 後測 (第3月) | M11: =IF(COUNT(C11:L11)>0, SUM(C11:L11), "") | N11: =IF(COUNT(C11:L11)>0, AVERAGE(C11:L11), "") | O11: =IF(N11="","",IF(N11>=4.5,"🟢 獨立完成",IF(N11>=3.5,"🔵 口語提示",IF(N11>=2.0,"🟡 肢體/部分協助","🟠 大量協助")))) | P11: =IF(ISNUMBER(M11), M11/50, "")
A12: 學員 3 | B12: 1. 前測 (第1月) | M12: =IF(COUNT(C12:L12)>0, SUM(C12:L12), "") | N12: =IF(COUNT(C12:L12)>0, AVERAGE(C12:L12), "") | O12: =IF(N12="","",IF(N12>=4.5,"🟢 獨立完成",IF(N12>=3.5,"🔵 口語提示",IF(N12>=2.0,"🟡 肢體/部分協助","🟠 大量協助")))) | P12: =IF(ISNUMBER(M12), M12/50, "") | Q12: =IF(AND(ISNUMBER(M12), ISNUMBER(M14)), M14-M12, "") | R12: =IF(AND(ISNUMBER(M12), ISNUMBER(M14)), IF(M12>0, (M14-M12)/M12, (M14-M12)/50), "") | S12: =IF(AND(ISNUMBER(P12), ISNUMBER(P14)), P14-P12, "")
B13: 2. 課堂 (第2月) | M13: =IF(COUNT(C13:L13)>0, SUM(C13:L13), "") | N13: =IF(COUNT(C13:L13)>0, AVERAGE(C13:L13), "") | O13: =IF(N13="","",IF(N13>=4.5,"🟢 獨立完成",IF(N13>=3.5,"🔵 口語提示",IF(N13>=2.0,"🟡 肢體/部分協助","🟠 大量協助")))) | P13: =IF(ISNUMBER(M13), M13/50, "")
B14: 3. 後測 (第3月) | M14: =IF(COUNT(C14:L14)>0, SUM(C14:L14), "") | N14: =IF(COUNT(C14:L14)>0, AVERAGE(C14:L14), "") | O14: =IF(N14="","",IF(N14>=4.5,"🟢 獨立完成",IF(N14>=3.5,"🔵 口語提示",IF(N14>=2.0,"🟡 肢體/部分協助","🟠 大量協助")))) | P14: =IF(ISNUMBER(M14), M14/50, "")
A15: 學員 4 | B15: 1. 前測 (第1月) | M15: =IF(COUNT(C15:L15)>0, SUM(C15:L15), "") | N15: =IF(COUNT(C15:L15)>0, AVERAGE(C15:L15), "") | O15: =IF(N15="","",IF(N15>=4.5,"🟢 獨立完成",IF(N15>=3.5,"🔵 口語提示",IF(N15>=2.0,"🟡 肢體/部分協助","🟠 大量協助")))) | P15: =IF(ISNUMBER(M15), M15/50, "") | Q15: =IF(AND(ISNUMBER(M15), ISNUMBER(M17)), M17-M15, "") | R15: =IF(AND(ISNUMBER(M15), ISNUMBER(M17)), IF(M15>0, (M17-M15)/M15, (M17-M15)/50), "") | S15: =IF(AND(ISNUMBER(P15), ISNUMBER(P17)), P17-P15, "")
B16: 2. 課堂 (第2月) | M16: =IF(COUNT(C16:L16)>0, SUM(C16:L16), "") | N16: =IF(COUNT(C16:L16)>0, AVERAGE(C16:L16), "") | O16: =IF(N16="","",IF(N16>=4.5,"🟢 獨立完成",IF(N16>=3.5,"🔵 口語提示",IF(N16>=2.0,"🟡 肢體/部分協助","🟠 大量協助")))) | P16: =IF(ISNUMBER(M16), M16/50, "")
B17: 3. 後測 (第3月) | M17: =IF(COUNT(C17:L17)>0, SUM(C17:L17), "") | N17: =IF(COUNT(C17:L17)>0, AVERAGE(C17:L17), "") | O17: =IF(N17="","",IF(N17>=4.5,"🟢 獨立完成",IF(N17>=3.5,"🔵 口語提示",IF(N17>=2.0,"🟡 肢體/部分協助","🟠 大量協助")))) | P17: =IF(ISNUMBER(M17), M17/50, "")
A18: 學員 5 | B18: 1. 前測 (第1月) | M18: =IF(COUNT(C18:L18)>0, SUM(C18:L18), "") | N18: =IF(COUNT(C18:L18)>0, AVERAGE(C18:L18), "") | O18: =IF(N18="","",IF(N18>=4.5,"🟢 獨立完成",IF(N18>=3.5,"🔵 口語提示",IF(N18>=2.0,"🟡 肢體/部分協助","🟠 大量協助")))) | P18: =IF(ISNUMBER(M18), M18/50, "") | Q18: =IF(AND(ISNUMBER(M18), ISNUMBER(M20)), M20-M18, "") | R18: =IF(AND(ISNUMBER(M18), ISNUMBER(M20)), IF(M18>0, (M20-M18)/M18, (M20-M18)/50), "") | S18: =IF(AND(ISNUMBER(P18), ISNUMBER(P20)), P20-P18, "")
B19: 2. 課堂 (第2月) | M19: =IF(COUNT(C19:L19)>0, SUM(C19:L19), "") | N19: =IF(COUNT(C19:L19)>0, AVERAGE(C19:L19), "") | O19: =IF(N19="","",IF(N19>=4.5,"🟢 獨立完成",IF(N19>=3.5,"🔵 口語提示",IF(N19>=2.0,"🟡 肢體/部分協助","🟠 大量協助")))) | P19: =IF(ISNUMBER(M19), M19/50, "")
B20: 3. 後測 (第3月) | M20: =IF(COUNT(C20:L20)>0, SUM(C20:L20), "") | N20: =IF(COUNT(C20:L20)>0, AVERAGE(C20:L20), "") | O20: =IF(N20="","",IF(N20>=4.5,"🟢 獨立完成",IF(N20>=3.5,"🔵 口語提示",IF(N20>=2.0,"🟡 肢體/部分協助","🟠 大量協助")))) | P20: =IF(ISNUMBER(M20), M20/50, "")
A21: 學員 6 | B21: 1. 前測 (第1月) | M21: =IF(COUNT(C21:L21)>0, SUM(C21:L21), "") | N21: =IF(COUNT(C21:L21)>0, AVERAGE(C21:L21), "") | O21: =IF(N21="","",IF(N21>=4.5,"🟢 獨立完成",IF(N21>=3.5,"🔵 口語提示",IF(N21>=2.0,"🟡 肢體/部分協助","🟠 大量協助")))) | P21: =IF(ISNUMBER(M21), M21/50, "") | Q21: =IF(AND(ISNUMBER(M21), ISNUMBER(M23)), M23-M21, "") | R21: =IF(AND(ISNUMBER(M21), ISNUMBER(M23)), IF(M21>0, (M23-M21)/M21, (M23-M21)/50), "") | S21: =IF(AND(ISNUMBER(P21), ISNUMBER(P23)), P23-P21, "")
B22: 2. 課堂 (第2月) | M22: =IF(COUNT(C22:L22)>0, SUM(C22:L22), "") | N22: =IF(COUNT(C22:L22)>0, AVERAGE(C22:L22), "") | O22: =IF(N22="","",IF(N22>=4.5,"🟢 獨立完成",IF(N22>=3.5,"🔵 口語提示",IF(N22>=2.0,"🟡 肢體/部分協助","🟠 大量協助")))) | P22: =IF(ISNUMBER(M22), M22/50, "")
B23: 3. 後測 (第3月) | M23: =IF(COUNT(C23:L23)>0, SUM(C23:L23), "") | N23: =IF(COUNT(C23:L23)>0, AVERAGE(C23:L23), "") | O23: =IF(N23="","",IF(N23>=4.5,"🟢 獨立完成",IF(N23>=3.5,"🔵 口語提示",IF(N23>=2.0,"🟡 肢體/部分協助","🟠 大量協助")))) | P23: =IF(ISNUMBER(M23), M23/50, "")
A24: 學員 7 | B24: 1. 前測 (第1月) | M24: =IF(COUNT(C24:L24)>0, SUM(C24:L24), "") | N24: =IF(COUNT(C24:L24)>0, AVERAGE(C24:L24), "") | O24: =IF(N24="","",IF(N24>=4.5,"🟢 獨立完成",IF(N24>=3.5,"🔵 口語提示",IF(N24>=2.0,"🟡 肢體/部分協助","🟠 大量協助")))) | P24: =IF(ISNUMBER(M24), M24/50, "") | Q24: =IF(AND(ISNUMBER(M24), ISNUMBER(M26)), M26-M24, "") | R24: =IF(AND(ISNUMBER(M24), ISNUMBER(M26)), IF(M24>0, (M26-M24)/M24, (M26-M24)/50), "") | S24: =IF(AND(ISNUMBER(P24), ISNUMBER(P26)), P26-P24, "")
B25: 2. 課堂 (第2月) | M25: =IF(COUNT(C25:L25)>0, SUM(C25:L25), "") | N25: =IF(COUNT(C25:L25)>0, AVERAGE(C25:L25), "") | O25: =IF(N25="","",IF(N25>=4.5,"🟢 獨立完成",IF(N25>=3.5,"🔵 口語提示",IF(N25>=2.0,"🟡 肢體/部分協助","🟠 大量協助")))) | P25: =IF(ISNUMBER(M25), M25/50, "")
B26: 3. 後測 (第3月) | M26: =IF(COUNT(C26:L26)>0, SUM(C26:L26), "") | N26: =IF(COUNT(C26:L26)>0, AVERAGE(C26:L26), "") | O26: =IF(N26="","",IF(N26>=4.5,"🟢 獨立完成",IF(N26>=3.5,"🔵 口語提示",IF(N26>=2.0,"🟡 肢體/部分協助","🟠 大量協助")))) | P26: =IF(ISNUMBER(M26), M26/50, "")
A27: 學員 8 | B27: 1. 前測 (第1月) | M27: =IF(COUNT(C27:L27)>0, SUM(C27:L27), "") | N27: =IF(COUNT(C27:L27)>0, AVERAGE(C27:L27), "") | O27: =IF(N27="","",IF(N27>=4.5,"🟢 獨立完成",IF(N27>=3.5,"🔵 口語提示",IF(N27>=2.0,"🟡 肢體/部分協助","🟠 大量協助")))) | P27: =IF(ISNUMBER(M27), M27/50, "") | Q27: =IF(AND(ISNUMBER(M27), ISNUMBER(M29)), M29-M27, "") | R27: =IF(AND(ISNUMBER(M27), ISNUMBER(M29)), IF(M27>0, (M29-M27)/M27, (M29-M27)/50), "") | S27: =IF(AND(ISNUMBER(P27), ISNUMBER(P29)), P29-P27, "")
B28: 2. 課堂 (第2月) | M28: =IF(COUNT(C28:L28)>0, SUM(C28:L28), "") | N28: =IF(COUNT(C28:L28)>0, AVERAGE(C28:L28), "") | O28: =IF(N28="","",IF(N28>=4.5,"🟢 獨立完成",IF(N28>=3.5,"🔵 口語提示",IF(N28>=2.0,"🟡 肢體/部分協助","🟠 大量協助")))) | P28: =IF(ISNUMBER(M28), M28/50, "")
B29: 3. 後測 (第3月) | M29: =IF(COUNT(C29:L29)>0, SUM(C29:L29), "") | N29: =IF(COUNT(C29:L29)>0, AVERAGE(C29:L29), "") | O29: =IF(N29="","",IF(N29>=4.5,"🟢 獨立完成",IF(N29>=3.5,"🔵 口語提示",IF(N29>=2.0,"🟡 肢體/部分協助","🟠 大量協助")))) | P29: =IF(ISNUMBER(M29), M29/50, "")
A30: 全班平均常模 | C30: =IFERROR(AVERAGE(C6:C29), "-") | D30: =IFERROR(AVERAGE(D6:D29), "-") | E30: =IFERROR(AVERAGE(E6:E29), "-") | F30: =IFERROR(AVERAGE(F6:F29), "-") | G30: =IFERROR(AVERAGE(G6:G29), "-") | H30: =IFERROR(AVERAGE(H6:H29), "-") | I30: =IFERROR(AVERAGE(I6:I29), "-") | J30: =IFERROR(AVERAGE(J6:J29), "-") | ... N30: =IFERROR(AVERAGE(N6:N29), "-") | O30: - | P30: =IFERROR(AVERAGE(P6:P29), "-") | Q30: =IFERROR(AVERAGE(Q6:Q29), "-") | R30: =IFERROR(AVERAGE(R6:R29), "-") | S30: =IFERROR(AVERAGE(S6:S29), "-")
A33: 【Q1 檢核指標項目清單參照】
A34: 指標 1 | B34: 1. 能說出需要洗手的時機（如飯前、便後、擤鼻涕後等）
A35: 指標 2 | B35: 2. 能正確執行內外夾弓大立腕洗手步驟
A36: 指標 3 | B36: 3. 能將雙手搓洗至乾淨並以流動水沖洗乾淨
A37: 指標 4 | B37: 4. 能正確拿取牙刷及牙膏並擠出適當量
A38: 指標 5 | B38: 5. 能維持適當角度（貝氏刷牙法）刷牙
A39: 指標 6 | B39: 6. 能依序清潔牙齒各區域（內側、外側、咬合面）
A40: 指標 7 | B40: 7. 能用流動水清潔傷口及周圍髒污
A41: 指標 8 | B41: 8. 能正確撕開並使用OK繃／透氣膠帶包紮傷口
A42: 指標 9 | B42: 9. 止鼻血時能保持頭部微前傾並正確加壓止血
A43: 指標 10 | B43: 10. 止血或傷口護理時，能知道何時需尋求支持者協助

Sheet Q2評量打分
A1: 第二季 (4~6月)：健康飲食與身體監測 - 學員前測／課堂平時／後測評量打分表
A3: 【評分提示等級】5:可獨立完成 ｜ 4:口語提示 ｜ 3:肢體協助 ｜ 2:部分協助 ｜ 1:大量協助 ｜ 0:無法完成 (在指標 1~10 欄位填入 0~5 分)
A4: 學員姓名 | B4: 評量階段 | C4: 指標 1 | D4: 指標 2 | E4: 指標 3 | F4: 指標 4 | G4: 指標 5 | H4: 指標 6 | I4: 指標 7 | J4: 指標 8 | K4: 指標 9 | L4: 指標 10 | M4: 總得分 | N4: 平均分 | O4: 學習階段判定 | P4: 達成率 | Q4: 進步分數 | R4: 進步率 | S4: 成長百分點
C5: (0~5分) | D5: (0~5分) | E5: (0~5分) | F5: (0~5分) | G5: (0~5分) | H5: (0~5分) | I5: (0~5分) | J5: (0~5分) | K5: (0~5分) | L5: (0~5分) | M5: (滿分50) | N5: (0~5分) | O5: (等級標記) | P5: (%) | Q5: (後-前) | R5: (%) | S5: (%pt)
A6: 學員 1 | B6: 1. 前測 (第1月) | M6: =IF(COUNT(C6:L6)>0, SUM(C6:L6), "") | N6: =IF(COUNT(C6:L6)>0, AVERAGE(C6:L6), "") | O6: =IF(N6="","",IF(N6>=4.5,"🟢 獨立完成",IF(N6>=3.5,"🔵 口語提示",IF(N6>=2.0,"🟡 肢體/部分協助","🟠 大量協助")))) | P6: =IF(ISNUMBER(M6), M6/50, "") | Q6: =IF(AND(ISNUMBER(M6), ISNUMBER(M8)), M8-M6, "") | R6: =IF(AND(ISNUMBER(M6), ISNUMBER(M8)), IF(M6>0, (M8-M6)/M6, (M8-M6)/50), "") | S6: =IF(AND(ISNUMBER(P6), ISNUMBER(P8)), P8-P6, "")
B7: 2. 課堂 (第2月) | M7: =IF(COUNT(C7:L7)>0, SUM(C7:L7), "") | N7: =IF(COUNT(C7:L7)>0, AVERAGE(C7:L7), "") | O7: =IF(N7="","",IF(N7>=4.5,"🟢 獨立完成",IF(N7>=3.5,"🔵 口語提示",IF(N7>=2.0,"🟡 肢體/部分協助","🟠 大量協助")))) | P7: =IF(ISNUMBER(M7), M7/50, "")
B8: 3. 後測 (第3月) | M8: =IF(COUNT(C8:L8)>0, SUM(C8:L8), "") | N8: =IF(COUNT(C8:L8)>0, AVERAGE(C8:L8), "") | O8: =IF(N8="","",IF(N8>=4.5,"🟢 獨立完成",IF(N8>=3.5,"🔵 口語提示",IF(N8>=2.0,"🟡 肢體/部分協助","🟠 大量協助")))) | P8: =IF(ISNUMBER(M8), M8/50, "")
A9: 學員 2 | B9: 1. 前測 (第1月) | M9: =IF(COUNT(C9:L9)>0, SUM(C9:L9), "") | N9: =IF(COUNT(C9:L9)>0, AVERAGE(C9:L9), "") | O9: =IF(N9="","",IF(N9>=4.5,"🟢 獨立完成",IF(N9>=3.5,"🔵 口語提示",IF(N9>=2.0,"🟡 肢體/部分協助","🟠 大量協助")))) | P9: =IF(ISNUMBER(M9), M9/50, "") | Q9: =IF(AND(ISNUMBER(M9), ISNUMBER(M11)), M11-M9, "") | R9: =IF(AND(ISNUMBER(M9), ISNUMBER(M11)), IF(M9>0, (M11-M9)/M9, (M11-M9)/50), "") | S9: =IF(AND(ISNUMBER(P9), ISNUMBER(P11)), P11-P9, "")
B10: 2. 課堂 (第2月) | M10: =IF(COUNT(C10:L10)>0, SUM(C10:L10), "") | N10: =IF(COUNT(C10:L10)>0, AVERAGE(C10:L10), "") | O10: =IF(N10="","",IF(N10>=4.5,"🟢 獨立完成",IF(N10>=3.5,"🔵 口語提示",IF(N10>=2.0,"🟡 肢體/部分協助","🟠 大量協助")))) | P10: =IF(ISNUMBER(M10), M10/50, "")
B11: 3. 後測 (第3月) | M11: =IF(COUNT(C11:L11)>0, SUM(C11:L11), "") | N11: =IF(COUNT(C11:L11)>0, AVERAGE(C11:L11), "") | O11: =IF(N11="","",IF(N11>=4.5,"🟢 獨立完成",IF(N11>=3.5,"🔵 口語提示",IF(N11>=2.0,"🟡 肢體/部分協助","🟠 大量協助")))) | P11: =IF(ISNUMBER(M11), M11/50, "")
A12: 學員 3 | B12: 1. 前測 (第1月) | M12: =IF(COUNT(C12:L12)>0, SUM(C12:L12), "") | N12: =IF(COUNT(C12:L12)>0, AVERAGE(C12:L12), "") | O12: =IF(N12="","",IF(N12>=4.5,"🟢 獨立完成",IF(N12>=3.5,"🔵 口語提示",IF(N12>=2.0,"🟡 肢體/部分協助","🟠 大量協助")))) | P12: =IF(ISNUMBER(M12), M12/50, "") | Q12: =IF(AND(ISNUMBER(M12), ISNUMBER(M14)), M14-M12, "") | R12: =IF(AND(ISNUMBER(M12), ISNUMBER(M14)), IF(M12>0, (M14-M12)/M12, (M14-M12)/50), "") | S12: =IF(AND(ISNUMBER(P12), ISNUMBER(P14)), P14-P12, "")
B13: 2. 課堂 (第2月) | M13: =IF(COUNT(C13:L13)>0, SUM(C13:L13), "") | N13: =IF(COUNT(C13:L13)>0, AVERAGE(C13:L13), "") | O13: =IF(N13="","",IF(N13>=4.5,"🟢 獨立完成",IF(N13>=3.5,"🔵 口語提示",IF(N13>=2.0,"🟡 肢體/部分協助","🟠 大量協助")))) | P13: =IF(ISNUMBER(M13), M13/50, "")
B14: 3. 後測 (第3月) | M14: =IF(COUNT(C14:L14)>0, SUM(C14:L14), "") | N14: =IF(COUNT(C14:L14)>0, AVERAGE(C14:L14), "") | O14: =IF(N14="","",IF(N14>=4.5,"🟢 獨立完成",IF(N14>=3.5,"🔵 口語提示",IF(N14>=2.0,"🟡 肢體/部分協助","🟠 大量協助")))) | P14: =IF(ISNUMBER(M14), M14/50, "")
A15: 學員 4 | B15: 1. 前測 (第1月) | M15: =IF(COUNT(C15:L15)>0, SUM(C15:L15), "") | N15: =IF(COUNT(C15:L15)>0, AVERAGE(C15:L15), "") | O15: =IF(N15="","",IF(N15>=4.5,"🟢 獨立完成",IF(N15>=3.5,"🔵 口語提示",IF(N15>=2.0,"🟡 肢體/部分協助","🟠 大量協助")))) | P15: =IF(ISNUMBER(M15), M15/50, "") | Q15: =IF(AND(ISNUMBER(M15), ISNUMBER(M17)), M17-M15, "") | R15: =IF(AND(ISNUMBER(M15), ISNUMBER(M17)), IF(M15>0, (M17-M15)/M15, (M17-M15)/50), "") | S15: =IF(AND(ISNUMBER(P15), ISNUMBER(P17)), P17-P15, "")
B16: 2. 課堂 (第2月) | M16: =IF(COUNT(C16:L16)>0, SUM(C16:L16), "") | N16: =IF(COUNT(C16:L16)>0, AVERAGE(C16:L16), "") | O16: =IF(N16="","",IF(N16>=4.5,"🟢 獨立完成",IF(N16>=3.5,"🔵 口語提示",IF(N16>=2.0,"🟡 肢體/部分協助","🟠 大量協助")))) | P16: =IF(ISNUMBER(M16), M16/50, "")
B17: 3. 後測 (第3月) | M17: =IF(COUNT(C17:L17)>0, SUM(C17:L17), "") | N17: =IF(COUNT(C17:L17)>0, AVERAGE(C17:L17), "") | O17: =IF(N17="","",IF(N17>=4.5,"🟢 獨立完成",IF(N17>=3.5,"🔵 口語提示",IF(N17>=2.0,"🟡 肢體/部分協助","🟠 大量協助")))) | P17: =IF(ISNUMBER(M17), M17/50, "")
A18: 學員 5 | B18: 1. 前測 (第1月) | M18: =IF(COUNT(C18:L18)>0, SUM(C18:L18), "") | N18: =IF(COUNT(C18:L18)>0, AVERAGE(C18:L18), "") | O18: =IF(N18="","",IF(N18>=4.5,"🟢 獨立完成",IF(N18>=3.5,"🔵 口語提示",IF(N18>=2.0,"🟡 肢體/部分協助","🟠 大量協助")))) | P18: =IF(ISNUMBER(M18), M18/50, "") | Q18: =IF(AND(ISNUMBER(M18), ISNUMBER(M20)), M20-M18, "") | R18: =IF(AND(ISNUMBER(M18), ISNUMBER(M20)), IF(M18>0, (M20-M18)/M18, (M20-M18)/50), "") | S18: =IF(AND(ISNUMBER(P18), ISNUMBER(P20)), P20-P18, "")
B19: 2. 課堂 (第2月) | M19: =IF(COUNT(C19:L19)>0, SUM(C19:L19), "") | N19: =IF(COUNT(C19:L19)>0, AVERAGE(C19:L19), "") | O19: =IF(N19="","",IF(N19>=4.5,"🟢 獨立完成",IF(N19>=3.5,"🔵 口語提示",IF(N19>=2.0,"🟡 肢體/部分協助","🟠 大量協助")))) | P19: =IF(ISNUMBER(M19), M19/50, "")
B20: 3. 後測 (第3月) | M20: =IF(COUNT(C20:L20)>0, SUM(C20:L20), "") | N20: =IF(COUNT(C20:L20)>0, AVERAGE(C20:L20), "") | O20: =IF(N20="","",IF(N20>=4.5,"🟢 獨立完成",IF(N20>=3.5,"🔵 口語提示",IF(N20>=2.0,"🟡 肢體/部分協助","🟠 大量協助")))) | P20: =IF(ISNUMBER(M20), M20/50, "")
A21: 學員 6 | B21: 1. 前測 (第1月) | M21: =IF(COUNT(C21:L21)>0, SUM(C21:L21), "") | N21: =IF(COUNT(C21:L21)>0, AVERAGE(C21:L21), "") | O21: =IF(N21="","",IF(N21>=4.5,"🟢 獨立完成",IF(N21>=3.5,"🔵 口語提示",IF(N21>=2.0,"🟡 肢體/部分協助","🟠 大量協助")))) | P21: =IF(ISNUMBER(M21), M21/50, "") | Q21: =IF(AND(ISNUMBER(M21), ISNUMBER(M23)), M23-M21, "") | R21: =IF(AND(ISNUMBER(M21), ISNUMBER(M23)), IF(M21>0, (M23-M21)/M21, (M23-M21)/50), "") | S21: =IF(AND(ISNUMBER(P21), ISNUMBER(P23)), P23-P21, "")
B22: 2. 課堂 (第2月) | M22: =IF(COUNT(C22:L22)>0, SUM(C22:L22), "") | N22: =IF(COUNT(C22:L22)>0, AVERAGE(C22:L22), "") | O22: =IF(N22="","",IF(N22>=4.5,"🟢 獨立完成",IF(N22>=3.5,"🔵 口語提示",IF(N22>=2.0,"🟡 肢體/部分協助","🟠 大量協助")))) | P22: =IF(ISNUMBER(M22), M22/50, "")
B23: 3. 後測 (第3月) | M23: =IF(COUNT(C23:L23)>0, SUM(C23:L23), "") | N23: =IF(COUNT(C23:L23)>0, AVERAGE(C23:L23), "") | O23: =IF(N23="","",IF(N23>=4.5,"🟢 獨立完成",IF(N23>=3.5,"🔵 口語提示",IF(N23>=2.0,"🟡 肢體/部分協助","🟠 大量協助")))) | P23: =IF(ISNUMBER(M23), M23/50, "")
A24: 學員 7 | B24: 1. 前測 (第1月) | M24: =IF(COUNT(C24:L24)>0, SUM(C24:L24), "") | N24: =IF(COUNT(C24:L24)>0, AVERAGE(C24:L24), "") | O24: =IF(N24="","",IF(N24>=4.5,"🟢 獨立完成",IF(N24>=3.5,"🔵 口語提示",IF(N24>=2.0,"🟡 肢體/部分協助","🟠 大量協助")))) | P24: =IF(ISNUMBER(M24), M24/50, "") | Q24: =IF(AND(ISNUMBER(M24), ISNUMBER(M26)), M26-M24, "") | R24: =IF(AND(ISNUMBER(M24), ISNUMBER(M26)), IF(M24>0, (M26-M24)/M24, (M26-M24)/50), "") | S24: =IF(AND(ISNUMBER(P24), ISNUMBER(P26)), P26-P24, "")
B25: 2. 課堂 (第2月) | M25: =IF(COUNT(C25:L25)>0, SUM(C25:L25), "") | N25: =IF(COUNT(C25:L25)>0, AVERAGE(C25:L25), "") | O25: =IF(N25="","",IF(N25>=4.5,"🟢 獨立完成",IF(N25>=3.5,"🔵 口語提示",IF(N25>=2.0,"🟡 肢體/部分協助","🟠 大量協助")))) | P25: =IF(ISNUMBER(M25), M25/50, "")
B26: 3. 後測 (第3月) | M26: =IF(COUNT(C26:L26)>0, SUM(C26:L26), "") | N26: =IF(COUNT(C26:L26)>0, AVERAGE(C26:L26), "") | O26: =IF(N26="","",IF(N26>=4.5,"🟢 獨立完成",IF(N26>=3.5,"🔵 口語提示",IF(N26>=2.0,"🟡 肢體/部分協助","🟠 大量協助")))) | P26: =IF(ISNUMBER(M26), M26/50, "")
A27: 學員 8 | B27: 1. 前測 (第1月) | M27: =IF(COUNT(C27:L27)>0, SUM(C27:L27), "") | N27: =IF(COUNT(C27:L27)>0, AVERAGE(C27:L27), "") | O27: =IF(N27="","",IF(N27>=4.5,"🟢 獨立完成",IF(N27>=3.5,"🔵 口語提示",IF(N27>=2.0,"🟡 肢體/部分協助","🟠 大量協助")))) | P27: =IF(ISNUMBER(M27), M27/50, "") | Q27: =IF(AND(ISNUMBER(M27), ISNUMBER(M29)), M29-M27, "") | R27: =IF(AND(ISNUMBER(M27), ISNUMBER(M29)), IF(M27>0, (M29-M27)/M27, (M29-M27)/50), "") | S27: =IF(AND(ISNUMBER(P27), ISNUMBER(P29)), P29-P27, "")
B28: 2. 課堂 (第2月) | M28: =IF(COUNT(C28:L28)>0, SUM(C28:L28), "") | N28: =IF(COUNT(C28:L28)>0, AVERAGE(C28:L28), "") | O28: =IF(N28="","",IF(N28>=4.5,"🟢 獨立完成",IF(N28>=3.5,"🔵 口語提示",IF(N28>=2.0,"🟡 肢體/部分協助","🟠 大量協助")))) | P28: =IF(ISNUMBER(M28), M28/50, "")
B29: 3. 後測 (第3月) | M29: =IF(COUNT(C29:L29)>0, SUM(C29:L29), "") | N29: =IF(COUNT(C29:L29)>0, AVERAGE(C29:L29), "") | O29: =IF(N29="","",IF(N29>=4.5,"🟢 獨立完成",IF(N29>=3.5,"🔵 口語提示",IF(N29>=2.0,"🟡 肢體/部分協助","🟠 大量協助")))) | P29: =IF(ISNUMBER(M29), M29/50, "")
A30: 全班平均常模 | C30: =IFERROR(AVERAGE(C6:C29), "-") | D30: =IFERROR(AVERAGE(D6:D29), "-") | E30: =IFERROR(AVERAGE(E6:E29), "-") | F30: =IFERROR(AVERAGE(F6:F29), "-") | G30: =IFERROR(AVERAGE(G6:G29), "-") | H30: =IFERROR(AVERAGE(H6:H29), "-") | I30: =IFERROR(AVERAGE(I6:I29), "-") | J30: =IFERROR(AVERAGE(J6:J29), "-") | ... N30: =IFERROR(AVERAGE(N6:N29), "-") | O30: - | P30: =IFERROR(AVERAGE(P6:P29), "-") | Q30: =IFERROR(AVERAGE(Q6:Q29), "-") | R30: =IFERROR(AVERAGE(R6:R29), "-") | S30: =IFERROR(AVERAGE(S6:S29), "-")
A33: 【Q2 檢核指標項目清單參照】
A34: 指標 1 | B34: 1. 能分辨紅（少吃）、黃（適量）、綠（天天吃）燈食物
A35: 指標 2 | B35: 2. 能從菜單或實物中挑選澱粉類（全穀雜糧）食物
A36: 指標 3 | B36: 3. 能挑選蛋白質（蛋豆魚肉）食物
A37: 指標 4 | B37: 4. 能主動選擇或夾取蔬菜類食物
A38: 指標 5 | B38: 5. 能依據均衡飲食原則組合一份完整餐點
A39: 指標 6 | B39: 6. 能正確操作額溫槍並對準額頭量測
A40: 指標 7 | B40: 7. 能正確配戴壓脈帶並操作電子血壓計
A41: 指標 8 | B41: 8. 能脫鞋站穩量測體重並正確讀取數值
A42: 指標 9 | B42: 9. 能正確夾好血氧機並保持靜止量測
A43: 指標 10 | B43: 10. 能看懂自己的健康數據並說出異常時需注意的地方

Sheet Q3評量打分
A1: 第三季 (7~9月)：緊急事故與健康安全 - 學員前測／課堂平時／後測評量打分表
A3: 【評分提示等級】5:可獨立完成 ｜ 4:口語提示 ｜ 3:肢體協助 ｜ 2:部分協助 ｜ 1:大量協助 ｜ 0:無法完成 (在指標 1~10 欄位填入 0~5 分)
A4: 學員姓名 | B4: 評量階段 | C4: 指標 1 | D4: 指標 2 | E4: 指標 3 | F4: 指標 4 | G4: 指標 5 | H4: 指標 6 | I4: 指標 7 | J4: 指標 8 | K4: 指標 9 | L4: 指標 10 | M4: 總得分 | N4: 平均分 | O4: 學習階段判定 | P4: 達成率 | Q4: 進步分數 | R4: 進步率 | S4: 成長百分點
C5: (0~5分) | D5: (0~5分) | E5: (0~5分) | F5: (0~5分) | G5: (0~5分) | H5: (0~5分) | I5: (0~5分) | J5: (0~5分) | K5: (0~5分) | L5: (0~5分) | M5: (滿分50) | N5: (0~5分) | O5: (等級標記) | P5: (%) | Q5: (後-前) | R5: (%) | S5: (%pt)
A6: 學員 1 | B6: 1. 前測 (第1月) | M6: =IF(COUNT(C6:L6)>0, SUM(C6:L6), "") | N6: =IF(COUNT(C6:L6)>0, AVERAGE(C6:L6), "") | O6: =IF(N6="","",IF(N6>=4.5,"🟢 獨立完成",IF(N6>=3.5,"🔵 口語提示",IF(N6>=2.0,"🟡 肢體/部分協助","🟠 大量協助")))) | P6: =IF(ISNUMBER(M6), M6/50, "") | Q6: =IF(AND(ISNUMBER(M6), ISNUMBER(M8)), M8-M6, "") | R6: =IF(AND(ISNUMBER(M6), ISNUMBER(M8)), IF(M6>0, (M8-M6)/M6, (M8-M6)/50), "") | S6: =IF(AND(ISNUMBER(P6), ISNUMBER(P8)), P8-P6, "")
B7: 2. 課堂 (第2月) | M7: =IF(COUNT(C7:L7)>0, SUM(C7:L7), "") | N7: =IF(COUNT(C7:L7)>0, AVERAGE(C7:L7), "") | O7: =IF(N7="","",IF(N7>=4.5,"🟢 獨立完成",IF(N7>=3.5,"🔵 口語提示",IF(N7>=2.0,"🟡 肢體/部分協助","🟠 大量協助")))) | P7: =IF(ISNUMBER(M7), M7/50, "")
B8: 3. 後測 (第3月) | M8: =IF(COUNT(C8:L8)>0, SUM(C8:L8), "") | N8: =IF(COUNT(C8:L8)>0, AVERAGE(C8:L8), "") | O8: =IF(N8="","",IF(N8>=4.5,"🟢 獨立完成",IF(N8>=3.5,"🔵 口語提示",IF(N8>=2.0,"🟡 肢體/部分協助","🟠 大量協助")))) | P8: =IF(ISNUMBER(M8), M8/50, "")
A9: 學員 2 | B9: 1. 前測 (第1月) | M9: =IF(COUNT(C9:L9)>0, SUM(C9:L9), "") | N9: =IF(COUNT(C9:L9)>0, AVERAGE(C9:L9), "") | O9: =IF(N9="","",IF(N9>=4.5,"🟢 獨立完成",IF(N9>=3.5,"🔵 口語提示",IF(N9>=2.0,"🟡 肢體/部分協助","🟠 大量協助")))) | P9: =IF(ISNUMBER(M9), M9/50, "") | Q9: =IF(AND(ISNUMBER(M9), ISNUMBER(M11)), M11-M9, "") | R9: =IF(AND(ISNUMBER(M9), ISNUMBER(M11)), IF(M9>0, (M11-M9)/M9, (M11-M9)/50), "") | S9: =IF(AND(ISNUMBER(P9), ISNUMBER(P11)), P11-P9, "")
B10: 2. 課堂 (第2月) | M10: =IF(COUNT(C10:L10)>0, SUM(C10:L10), "") | N10: =IF(COUNT(C10:L10)>0, AVERAGE(C10:L10), "") | O10: =IF(N10="","",IF(N10>=4.5,"🟢 獨立完成",IF(N10>=3.5,"🔵 口語提示",IF(N10>=2.0,"🟡 肢體/部分協助","🟠 大量協助")))) | P10: =IF(ISNUMBER(M10), M10/50, "")
B11: 3. 後測 (第3月) | M11: =IF(COUNT(C11:L11)>0, SUM(C11:L11), "") | N11: =IF(COUNT(C11:L11)>0, AVERAGE(C11:L11), "") | O11: =IF(N11="","",IF(N11>=4.5,"🟢 獨立完成",IF(N11>=3.5,"🔵 口語提示",IF(N11>=2.0,"🟡 肢體/部分協助","🟠 大量協助")))) | P11: =IF(ISNUMBER(M11), M11/50, "")
A12: 學員 3 | B12: 1. 前測 (第1月) | M12: =IF(COUNT(C12:L12)>0, SUM(C12:L12), "") | N12: =IF(COUNT(C12:L12)>0, AVERAGE(C12:L12), "") | O12: =IF(N12="","",IF(N12>=4.5,"🟢 獨立完成",IF(N12>=3.5,"🔵 口語提示",IF(N12>=2.0,"🟡 肢體/部分協助","🟠 大量協助")))) | P12: =IF(ISNUMBER(M12), M12/50, "") | Q12: =IF(AND(ISNUMBER(M12), ISNUMBER(M14)), M14-M12, "") | R12: =IF(AND(ISNUMBER(M12), ISNUMBER(M14)), IF(M12>0, (M14-M12)/M12, (M14-M12)/50), "") | S12: =IF(AND(ISNUMBER(P12), ISNUMBER(P14)), P14-P12, "")
B13: 2. 課堂 (第2月) | M13: =IF(COUNT(C13:L13)>0, SUM(C13:L13), "") | N13: =IF(COUNT(C13:L13)>0, AVERAGE(C13:L13), "") | O13: =IF(N13="","",IF(N13>=4.5,"🟢 獨立完成",IF(N13>=3.5,"🔵 口語提示",IF(N13>=2.0,"🟡 肢體/部分協助","🟠 大量協助")))) | P13: =IF(ISNUMBER(M13), M13/50, "")
B14: 3. 後測 (第3月) | M14: =IF(COUNT(C14:L14)>0, SUM(C14:L14), "") | N14: =IF(COUNT(C14:L14)>0, AVERAGE(C14:L14), "") | O14: =IF(N14="","",IF(N14>=4.5,"🟢 獨立完成",IF(N14>=3.5,"🔵 口語提示",IF(N14>=2.0,"🟡 肢體/部分協助","🟠 大量協助")))) | P14: =IF(ISNUMBER(M14), M14/50, "")
A15: 學員 4 | B15: 1. 前測 (第1月) | M15: =IF(COUNT(C15:L15)>0, SUM(C15:L15), "") | N15: =IF(COUNT(C15:L15)>0, AVERAGE(C15:L15), "") | O15: =IF(N15="","",IF(N15>=4.5,"🟢 獨立完成",IF(N15>=3.5,"🔵 口語提示",IF(N15>=2.0,"🟡 肢體/部分協助","🟠 大量協助")))) | P15: =IF(ISNUMBER(M15), M15/50, "") | Q15: =IF(AND(ISNUMBER(M15), ISNUMBER(M17)), M17-M15, "") | R15: =IF(AND(ISNUMBER(M15), ISNUMBER(M17)), IF(M15>0, (M17-M15)/M15, (M17-M15)/50), "") | S15: =IF(AND(ISNUMBER(P15), ISNUMBER(P17)), P17-P15, "")
B16: 2. 課堂 (第2月) | M16: =IF(COUNT(C16:L16)>0, SUM(C16:L16), "") | N16: =IF(COUNT(C16:L16)>0, AVERAGE(C16:L16), "") | O16: =IF(N16="","",IF(N16>=4.5,"🟢 獨立完成",IF(N16>=3.5,"🔵 口語提示",IF(N16>=2.0,"🟡 肢體/部分協助","🟠 大量協助")))) | P16: =IF(ISNUMBER(M16), M16/50, "")
B17: 3. 後測 (第3月) | M17: =IF(COUNT(C17:L17)>0, SUM(C17:L17), "") | N17: =IF(COUNT(C17:L17)>0, AVERAGE(C17:L17), "") | O17: =IF(N17="","",IF(N17>=4.5,"🟢 獨立完成",IF(N17>=3.5,"🔵 口語提示",IF(N17>=2.0,"🟡 肢體/部分協助","🟠 大量協助")))) | P17: =IF(ISNUMBER(M17), M17/50, "")
A18: 學員 5 | B18: 1. 前測 (第1月) | M18: =IF(COUNT(C18:L18)>0, SUM(C18:L18), "") | N18: =IF(COUNT(C18:L18)>0, AVERAGE(C18:L18), "") | O18: =IF(N18="","",IF(N18>=4.5,"🟢 獨立完成",IF(N18>=3.5,"🔵 口語提示",IF(N18>=2.0,"🟡 肢體/部分協助","🟠 大量協助")))) | P18: =IF(ISNUMBER(M18), M18/50, "") | Q18: =IF(AND(ISNUMBER(M18), ISNUMBER(M20)), M20-M18, "") | R18: =IF(AND(ISNUMBER(M18), ISNUMBER(M20)), IF(M18>0, (M20-M18)/M18, (M20-M18)/50), "") | S18: =IF(AND(ISNUMBER(P18), ISNUMBER(P20)), P20-P18, "")
B19: 2. 課堂 (第2月) | M19: =IF(COUNT(C19:L19)>0, SUM(C19:L19), "") | N19: =IF(COUNT(C19:L19)>0, AVERAGE(C19:L19), "") | O19: =IF(N19="","",IF(N19>=4.5,"🟢 獨立完成",IF(N19>=3.5,"🔵 口語提示",IF(N19>=2.0,"🟡 肢體/部分協助","🟠 大量協助")))) | P19: =IF(ISNUMBER(M19), M19/50, "")
B20: 3. 後測 (第3月) | M20: =IF(COUNT(C20:L20)>0, SUM(C20:L20), "") | N20: =IF(COUNT(C20:L20)>0, AVERAGE(C20:L20), "") | O20: =IF(N20="","",IF(N20>=4.5,"🟢 獨立完成",IF(N20>=3.5,"🔵 口語提示",IF(N20>=2.0,"🟡 肢體/部分協助","🟠 大量協助")))) | P20: =IF(ISNUMBER(M20), M20/50, "")
A21: 學員 6 | B21: 1. 前測 (第1月) | M21: =IF(COUNT(C21:L21)>0, SUM(C21:L21), "") | N21: =IF(COUNT(C21:L21)>0, AVERAGE(C21:L21), "") | O21: =IF(N21="","",IF(N21>=4.5,"🟢 獨立完成",IF(N21>=3.5,"🔵 口語提示",IF(N21>=2.0,"🟡 肢體/部分協助","🟠 大量協助")))) | P21: =IF(ISNUMBER(M21), M21/50, "") | Q21: =IF(AND(ISNUMBER(M21), ISNUMBER(M23)), M23-M21, "") | R21: =IF(AND(ISNUMBER(M21), ISNUMBER(M23)), IF(M21>0, (M23-M21)/M21, (M23-M21)/50), "") | S21: =IF(AND(ISNUMBER(P21), ISNUMBER(P23)), P23-P21, "")
B22: 2. 課堂 (第2月) | M22: =IF(COUNT(C22:L22)>0, SUM(C22:L22), "") | N22: =IF(COUNT(C22:L22)>0, AVERAGE(C22:L22), "") | O22: =IF(N22="","",IF(N22>=4.5,"🟢 獨立完成",IF(N22>=3.5,"🔵 口語提示",IF(N22>=2.0,"🟡 肢體/部分協助","🟠 大量協助")))) | P22: =IF(ISNUMBER(M22), M22/50, "")
B23: 3. 後測 (第3月) | M23: =IF(COUNT(C23:L23)>0, SUM(C23:L23), "") | N23: =IF(COUNT(C23:L23)>0, AVERAGE(C23:L23), "") | O23: =IF(N23="","",IF(N23>=4.5,"🟢 獨立完成",IF(N23>=3.5,"🔵 口語提示",IF(N23>=2.0,"🟡 肢體/部分協助","🟠 大量協助")))) | P23: =IF(ISNUMBER(M23), M23/50, "")
A24: 學員 7 | B24: 1. 前測 (第1月) | M24: =IF(COUNT(C24:L24)>0, SUM(C24:L24), "") | N24: =IF(COUNT(C24:L24)>0, AVERAGE(C24:L24), "") | O24: =IF(N24="","",IF(N24>=4.5,"🟢 獨立完成",IF(N24>=3.5,"🔵 口語提示",IF(N24>=2.0,"🟡 肢體/部分協助","🟠 大量協助")))) | P24: =IF(ISNUMBER(M24), M24/50, "") | Q24: =IF(AND(ISNUMBER(M24), ISNUMBER(M26)), M26-M24, "") | R24: =IF(AND(ISNUMBER(M24), ISNUMBER(M26)), IF(M24>0, (M26-M24)/M24, (M26-M24)/50), "") | S24: =IF(AND(ISNUMBER(P24), ISNUMBER(P26)), P26-P24, "")
B25: 2. 課堂 (第2月) | M25: =IF(COUNT(C25:L25)>0, SUM(C25:L25), "") | N25: =IF(COUNT(C25:L25)>0, AVERAGE(C25:L25), "") | O25: =IF(N25="","",IF(N25>=4.5,"🟢 獨立完成",IF(N25>=3.5,"🔵 口語提示",IF(N25>=2.0,"🟡 肢體/部分協助","🟠 大量協助")))) | P25: =IF(ISNUMBER(M25), M25/50, "")
B26: 3. 後測 (第3月) | M26: =IF(COUNT(C26:L26)>0, SUM(C26:L26), "") | N26: =IF(COUNT(C26:L26)>0, AVERAGE(C26:L26), "") | O26: =IF(N26="","",IF(N26>=4.5,"🟢 獨立完成",IF(N26>=3.5,"🔵 口語提示",IF(N26>=2.0,"🟡 肢體/部分協助","🟠 大量協助")))) | P26: =IF(ISNUMBER(M26), M26/50, "")
A27: 學員 8 | B27: 1. 前測 (第1月) | M27: =IF(COUNT(C27:L27)>0, SUM(C27:L27), "") | N27: =IF(COUNT(C27:L27)>0, AVERAGE(C27:L27), "") | O27: =IF(N27="","",IF(N27>=4.5,"🟢 獨立完成",IF(N27>=3.5,"🔵 口語提示",IF(N27>=2.0,"🟡 肢體/部分協助","🟠 大量協助")))) | P27: =IF(ISNUMBER(M27), M27/50, "") | Q27: =IF(AND(ISNUMBER(M27), ISNUMBER(M29)), M29-M27, "") | R27: =IF(AND(ISNUMBER(M27), ISNUMBER(M29)), IF(M27>0, (M29-M27)/M27, (M29-M27)/50), "") | S27: =IF(AND(ISNUMBER(P27), ISNUMBER(P29)), P29-P27, "")
B28: 2. 課堂 (第2月) | M28: =IF(COUNT(C28:L28)>0, SUM(C28:L28), "") | N28: =IF(COUNT(C28:L28)>0, AVERAGE(C28:L28), "") | O28: =IF(N28="","",IF(N28>=4.5,"🟢 獨立完成",IF(N28>=3.5,"🔵 口語提示",IF(N28>=2.0,"🟡 肢體/部分協助","🟠 大量協助")))) | P28: =IF(ISNUMBER(M28), M28/50, "")
B29: 3. 後測 (第3月) | M29: =IF(COUNT(C29:L29)>0, SUM(C29:L29), "") | N29: =IF(COUNT(C29:L29)>0, AVERAGE(C29:L29), "") | O29: =IF(N29="","",IF(N29>=4.5,"🟢 獨立完成",IF(N29>=3.5,"🔵 口語提示",IF(N29>=2.0,"🟡 肢體/部分協助","🟠 大量協助")))) | P29: =IF(ISNUMBER(M29), M29/50, "")
A30: 全班平均常模 | C30: =IFERROR(AVERAGE(C6:C29), "-") | D30: =IFERROR(AVERAGE(D6:D29), "-") | E30: =IFERROR(AVERAGE(E6:E29), "-") | F30: =IFERROR(AVERAGE(F6:F29), "-") | G30: =IFERROR(AVERAGE(G6:G29), "-") | H30: =IFERROR(AVERAGE(H6:H29), "-") | I30: =IFERROR(AVERAGE(I6:I29), "-") | J30: =IFERROR(AVERAGE(J6:J29), "-") | ... N30: =IFERROR(AVERAGE(N6:N29), "-") | O30: - | P30: =IFERROR(AVERAGE(P6:P29), "-") | Q30: =IFERROR(AVERAGE(Q6:Q29), "-") | R30: =IFERROR(AVERAGE(R6:R29), "-") | S30: =IFERROR(AVERAGE(S6:S29), "-")
A33: 【Q3 檢核指標項目清單參照】
A34: 指標 1 | B34: 1. 能辨識活動區域周遭的危險物品（剪刀、熱水等）
A35: 指標 2 | B35: 2. 遇到緊急或意外狀況時能立即停止原本手邊活動
A36: 指標 3 | B36: 3. 遇到他人跌倒或發作能協助移開周遭危險物品
A37: 指標 4 | B37: 4. 能知道同儕癲癇發作時「不可強行壓制或塞東西入嘴」
A38: 指標 5 | B38: 5. 能聽從指示維持現場安全與通風環境
A39: 指標 6 | B39: 6. 發生意外事件時能知道需要立刻尋求成人/支持者協助
A40: 指標 7 | B40: 7. 遇到危急事件時能大聲呼救或通知他人
A41: 指標 8 | B41: 8. 能說出或指出緊急電話「119」
A42: 指標 9 | B42: 9. 能清楚說出自己的姓名、所在位置等基本報案資訊
A43: 指標 10 | B43: 10. 遇到自己無法處理的情況能主動向外界求助

Sheet Q4評量打分
A1: 第四季 (10~12月)：身體自主與健康自我倡議 - 學員前測／課堂平時／後測評量打分表
A3: 【評分提示等級】5:可獨立完成 ｜ 4:口語提示 ｜ 3:肢體協助 ｜ 2:部分協助 ｜ 1:大量協助 ｜ 0:無法完成 (在指標 1~10 欄位填入 0~5 分)
A4: 學員姓名 | B4: 評量階段 | C4: 指標 1 | D4: 指標 2 | E4: 指標 3 | F4: 指標 4 | G4: 指標 5 | H4: 指標 6 | I4: 指標 7 | J4: 指標 8 | K4: 指標 9 | L4: 指標 10 | M4: 總得分 | N4: 平均分 | O4: 學習階段判定 | P4: 達成率 | Q4: 進步分數 | R4: 進步率 | S4: 成長百分點
C5: (0~5分) | D5: (0~5分) | E5: (0~5分) | F5: (0~5分) | G5: (0~5分) | H5: (0~5分) | I5: (0~5分) | J5: (0~5分) | K5: (0~5分) | L5: (0~5分) | M5: (滿分50) | N5: (0~5分) | O5: (等級標記) | P5: (%) | Q5: (後-前) | R5: (%) | S5: (%pt)
A6: 學員 1 | B6: 1. 前測 (第1月) | M6: =IF(COUNT(C6:L6)>0, SUM(C6:L6), "") | N6: =IF(COUNT(C6:L6)>0, AVERAGE(C6:L6), "") | O6: =IF(N6="","",IF(N6>=4.5,"🟢 獨立完成",IF(N6>=3.5,"🔵 口語提示",IF(N6>=2.0,"🟡 肢體/部分協助","🟠 大量協助")))) | P6: =IF(ISNUMBER(M6), M6/50, "") | Q6: =IF(AND(ISNUMBER(M6), ISNUMBER(M8)), M8-M6, "") | R6: =IF(AND(ISNUMBER(M6), ISNUMBER(M8)), IF(M6>0, (M8-M6)/M6, (M8-M6)/50), "") | S6: =IF(AND(ISNUMBER(P6), ISNUMBER(P8)), P8-P6, "")
B7: 2. 課堂 (第2月) | M7: =IF(COUNT(C7:L7)>0, SUM(C7:L7), "") | N7: =IF(COUNT(C7:L7)>0, AVERAGE(C7:L7), "") | O7: =IF(N7="","",IF(N7>=4.5,"🟢 獨立完成",IF(N7>=3.5,"🔵 口語提示",IF(N7>=2.0,"🟡 肢體/部分協助","🟠 大量協助")))) | P7: =IF(ISNUMBER(M7), M7/50, "")
B8: 3. 後測 (第3月) | M8: =IF(COUNT(C8:L8)>0, SUM(C8:L8), "") | N8: =IF(COUNT(C8:L8)>0, AVERAGE(C8:L8), "") | O8: =IF(N8="","",IF(N8>=4.5,"🟢 獨立完成",IF(N8>=3.5,"🔵 口語提示",IF(N8>=2.0,"🟡 肢體/部分協助","🟠 大量協助")))) | P8: =IF(ISNUMBER(M8), M8/50, "")
A9: 學員 2 | B9: 1. 前測 (第1月) | M9: =IF(COUNT(C9:L9)>0, SUM(C9:L9), "") | N9: =IF(COUNT(C9:L9)>0, AVERAGE(C9:L9), "") | O9: =IF(N9="","",IF(N9>=4.5,"🟢 獨立完成",IF(N9>=3.5,"🔵 口語提示",IF(N9>=2.0,"🟡 肢體/部分協助","🟠 大量協助")))) | P9: =IF(ISNUMBER(M9), M9/50, "") | Q9: =IF(AND(ISNUMBER(M9), ISNUMBER(M11)), M11-M9, "") | R9: =IF(AND(ISNUMBER(M9), ISNUMBER(M11)), IF(M9>0, (M11-M9)/M9, (M11-M9)/50), "") | S9: =IF(AND(ISNUMBER(P9), ISNUMBER(P11)), P11-P9, "")
B10: 2. 課堂 (第2月) | M10: =IF(COUNT(C10:L10)>0, SUM(C10:L10), "") | N10: =IF(COUNT(C10:L10)>0, AVERAGE(C10:L10), "") | O10: =IF(N10="","",IF(N10>=4.5,"🟢 獨立完成",IF(N10>=3.5,"🔵 口語提示",IF(N10>=2.0,"🟡 肢體/部分協助","🟠 大量協助")))) | P10: =IF(ISNUMBER(M10), M10/50, "")
B11: 3. 後測 (第3月) | M11: =IF(COUNT(C11:L11)>0, SUM(C11:L11), "") | N11: =IF(COUNT(C11:L11)>0, AVERAGE(C11:L11), "") | O11: =IF(N11="","",IF(N11>=4.5,"🟢 獨立完成",IF(N11>=3.5,"🔵 口語提示",IF(N11>=2.0,"🟡 肢體/部分協助","🟠 大量協助")))) | P11: =IF(ISNUMBER(M11), M11/50, "")
A12: 學員 3 | B12: 1. 前測 (第1月) | M12: =IF(COUNT(C12:L12)>0, SUM(C12:L12), "") | N12: =IF(COUNT(C12:L12)>0, AVERAGE(C12:L12), "") | O12: =IF(N12="","",IF(N12>=4.5,"🟢 獨立完成",IF(N12>=3.5,"🔵 口語提示",IF(N12>=2.0,"🟡 肢體/部分協助","🟠 大量協助")))) | P12: =IF(ISNUMBER(M12), M12/50, "") | Q12: =IF(AND(ISNUMBER(M12), ISNUMBER(M14)), M14-M12, "") | R12: =IF(AND(ISNUMBER(M12), ISNUMBER(M14)), IF(M12>0, (M14-M12)/M12, (M14-M12)/50), "") | S12: =IF(AND(ISNUMBER(P12), ISNUMBER(P14)), P14-P12, "")
B13: 2. 課堂 (第2月) | M13: =IF(COUNT(C13:L13)>0, SUM(C13:L13), "") | N13: =IF(COUNT(C13:L13)>0, AVERAGE(C13:L13), "") | O13: =IF(N13="","",IF(N13>=4.5,"🟢 獨立完成",IF(N13>=3.5,"🔵 口語提示",IF(N13>=2.0,"🟡 肢體/部分協助","🟠 大量協助")))) | P13: =IF(ISNUMBER(M13), M13/50, "")
B14: 3. 後測 (第3月) | M14: =IF(COUNT(C14:L14)>0, SUM(C14:L14), "") | N14: =IF(COUNT(C14:L14)>0, AVERAGE(C14:L14), "") | O14: =IF(N14="","",IF(N14>=4.5,"🟢 獨立完成",IF(N14>=3.5,"🔵 口語提示",IF(N14>=2.0,"🟡 肢體/部分協助","🟠 大量協助")))) | P14: =IF(ISNUMBER(M14), M14/50, "")
A15: 學員 4 | B15: 1. 前測 (第1月) | M15: =IF(COUNT(C15:L15)>0, SUM(C15:L15), "") | N15: =IF(COUNT(C15:L15)>0, AVERAGE(C15:L15), "") | O15: =IF(N15="","",IF(N15>=4.5,"🟢 獨立完成",IF(N15>=3.5,"🔵 口語提示",IF(N15>=2.0,"🟡 肢體/部分協助","🟠 大量協助")))) | P15: =IF(ISNUMBER(M15), M15/50, "") | Q15: =IF(AND(ISNUMBER(M15), ISNUMBER(M17)), M17-M15, "") | R15: =IF(AND(ISNUMBER(M15), ISNUMBER(M17)), IF(M15>0, (M17-M15)/M15, (M17-M15)/50), "") | S15: =IF(AND(ISNUMBER(P15), ISNUMBER(P17)), P17-P15, "")
B16: 2. 課堂 (第2月) | M16: =IF(COUNT(C16:L16)>0, SUM(C16:L16), "") | N16: =IF(COUNT(C16:L16)>0, AVERAGE(C16:L16), "") | O16: =IF(N16="","",IF(N16>=4.5,"🟢 獨立完成",IF(N16>=3.5,"🔵 口語提示",IF(N16>=2.0,"🟡 肢體/部分協助","🟠 大量協助")))) | P16: =IF(ISNUMBER(M16), M16/50, "")
B17: 3. 後測 (第3月) | M17: =IF(COUNT(C17:L17)>0, SUM(C17:L17), "") | N17: =IF(COUNT(C17:L17)>0, AVERAGE(C17:L17), "") | O17: =IF(N17="","",IF(N17>=4.5,"🟢 獨立完成",IF(N17>=3.5,"🔵 口語提示",IF(N17>=2.0,"🟡 肢體/部分協助","🟠 大量協助")))) | P17: =IF(ISNUMBER(M17), M17/50, "")
A18: 學員 5 | B18: 1. 前測 (第1月) | M18: =IF(COUNT(C18:L18)>0, SUM(C18:L18), "") | N18: =IF(COUNT(C18:L18)>0, AVERAGE(C18:L18), "") | O18: =IF(N18="","",IF(N18>=4.5,"🟢 獨立完成",IF(N18>=3.5,"🔵 口語提示",IF(N18>=2.0,"🟡 肢體/部分協助","🟠 大量協助")))) | P18: =IF(ISNUMBER(M18), M18/50, "") | Q18: =IF(AND(ISNUMBER(M18), ISNUMBER(M20)), M20-M18, "") | R18: =IF(AND(ISNUMBER(M18), ISNUMBER(M20)), IF(M18>0, (M20-M18)/M18, (M20-M18)/50), "") | S18: =IF(AND(ISNUMBER(P18), ISNUMBER(P20)), P20-P18, "")
B19: 2. 課堂 (第2月) | M19: =IF(COUNT(C19:L19)>0, SUM(C19:L19), "") | N19: =IF(COUNT(C19:L19)>0, AVERAGE(C19:L19), "") | O19: =IF(N19="","",IF(N19>=4.5,"🟢 獨立完成",IF(N19>=3.5,"🔵 口語提示",IF(N19>=2.0,"🟡 肢體/部分協助","🟠 大量協助")))) | P19: =IF(ISNUMBER(M19), M19/50, "")
B20: 3. 後測 (第3月) | M20: =IF(COUNT(C20:L20)>0, SUM(C20:L20), "") | N20: =IF(COUNT(C20:L20)>0, AVERAGE(C20:L20), "") | O20: =IF(N20="","",IF(N20>=4.5,"🟢 獨立完成",IF(N20>=3.5,"🔵 口語提示",IF(N20>=2.0,"🟡 肢體/部分協助","🟠 大量協助")))) | P20: =IF(ISNUMBER(M20), M20/50, "")
A21: 學員 6 | B21: 1. 前測 (第1月) | M21: =IF(COUNT(C21:L21)>0, SUM(C21:L21), "") | N21: =IF(COUNT(C21:L21)>0, AVERAGE(C21:L21), "") | O21: =IF(N21="","",IF(N21>=4.5,"🟢 獨立完成",IF(N21>=3.5,"🔵 口語提示",IF(N21>=2.0,"🟡 肢體/部分協助","🟠 大量協助")))) | P21: =IF(ISNUMBER(M21), M21/50, "") | Q21: =IF(AND(ISNUMBER(M21), ISNUMBER(M23)), M23-M21, "") | R21: =IF(AND(ISNUMBER(M21), ISNUMBER(M23)), IF(M21>0, (M23-M21)/M21, (M23-M21)/50), "") | S21: =IF(AND(ISNUMBER(P21), ISNUMBER(P23)), P23-P21, "")
B22: 2. 課堂 (第2月) | M22: =IF(COUNT(C22:L22)>0, SUM(C22:L22), "") | N22: =IF(COUNT(C22:L22)>0, AVERAGE(C22:L22), "") | O22: =IF(N22="","",IF(N22>=4.5,"🟢 獨立完成",IF(N22>=3.5,"🔵 口語提示",IF(N22>=2.0,"🟡 肢體/部分協助","🟠 大量協助")))) | P22: =IF(ISNUMBER(M22), M22/50, "")
B23: 3. 後測 (第3月) | M23: =IF(COUNT(C23:L23)>0, SUM(C23:L23), "") | N23: =IF(COUNT(C23:L23)>0, AVERAGE(C23:L23), "") | O23: =IF(N23="","",IF(N23>=4.5,"🟢 獨立完成",IF(N23>=3.5,"🔵 口語提示",IF(N23>=2.0,"🟡 肢體/部分協助","🟠 大量協助")))) | P23: =IF(ISNUMBER(M23), M23/50, "")
A24: 學員 7 | B24: 1. 前測 (第1月) | M24: =IF(COUNT(C24:L24)>0, SUM(C24:L24), "") | N24: =IF(COUNT(C24:L24)>0, AVERAGE(C24:L24), "") | O24: =IF(N24="","",IF(N24>=4.5,"🟢 獨立完成",IF(N24>=3.5,"🔵 口語提示",IF(N24>=2.0,"🟡 肢體/部分協助","🟠 大量協助")))) | P24: =IF(ISNUMBER(M24), M24/50, "") | Q24: =IF(AND(ISNUMBER(M24), ISNUMBER(M26)), M26-M24, "") | R24: =IF(AND(ISNUMBER(M24), ISNUMBER(M26)), IF(M24>0, (M26-M24)/M24, (M26-M24)/50), "") | S24: =IF(AND(ISNUMBER(P24), ISNUMBER(P26)), P26-P24, "")
B25: 2. 課堂 (第2月) | M25: =IF(COUNT(C25:L25)>0, SUM(C25:L25), "") | N25: =IF(COUNT(C25:L25)>0, AVERAGE(C25:L25), "") | O25: =IF(N25="","",IF(N25>=4.5,"🟢 獨立完成",IF(N25>=3.5,"🔵 口語提示",IF(N25>=2.0,"🟡 肢體/部分協助","🟠 大量協助")))) | P25: =IF(ISNUMBER(M25), M25/50, "")
B26: 3. 後測 (第3月) | M26: =IF(COUNT(C26:L26)>0, SUM(C26:L26), "") | N26: =IF(COUNT(C26:L26)>0, AVERAGE(C26:L26), "") | O26: =IF(N26="","",IF(N26>=4.5,"🟢 獨立完成",IF(N26>=3.5,"🔵 口語提示",IF(N26>=2.0,"🟡 肢體/部分協助","🟠 大量協助")))) | P26: =IF(ISNUMBER(M26), M26/50, "")
A27: 學員 8 | B27: 1. 前測 (第1月) | M27: =IF(COUNT(C27:L27)>0, SUM(C27:L27), "") | N27: =IF(COUNT(C27:L27)>0, AVERAGE(C27:L27), "") | O27: =IF(N27="","",IF(N27>=4.5,"🟢 獨立完成",IF(N27>=3.5,"🔵 口語提示",IF(N27>=2.0,"🟡 肢體/部分協助","🟠 大量協助")))) | P27: =IF(ISNUMBER(M27), M27/50, "") | Q27: =IF(AND(ISNUMBER(M27), ISNUMBER(M29)), M29-M27, "") | R27: =IF(AND(ISNUMBER(M27), ISNUMBER(M29)), IF(M27>0, (M29-M27)/M27, (M29-M27)/50), "") | S27: =IF(AND(ISNUMBER(P27), ISNUMBER(P29)), P29-P27, "")
B28: 2. 課堂 (第2月) | M28: =IF(COUNT(C28:L28)>0, SUM(C28:L28), "") | N28: =IF(COUNT(C28:L28)>0, AVERAGE(C28:L28), "") | O28: =IF(N28="","",IF(N28>=4.5,"🟢 獨立完成",IF(N28>=3.5,"🔵 口語提示",IF(N28>=2.0,"🟡 肢體/部分協助","🟠 大量協助")))) | P28: =IF(ISNUMBER(M28), M28/50, "")
B29: 3. 後測 (第3月) | M29: =IF(COUNT(C29:L29)>0, SUM(C29:L29), "") | N29: =IF(COUNT(C29:L29)>0, AVERAGE(C29:L29), "") | O29: =IF(N29="","",IF(N29>=4.5,"🟢 獨立完成",IF(N29>=3.5,"🔵 口語提示",IF(N29>=2.0,"🟡 肢體/部分協助","🟠 大量協助")))) | P29: =IF(ISNUMBER(M29), M29/50, "")
A30: 全班平均常模 | C30: =IFERROR(AVERAGE(C6:C29), "-") | D30: =IFERROR(AVERAGE(D6:D29), "-") | E30: =IFERROR(AVERAGE(E6:E29), "-") | F30: =IFERROR(AVERAGE(F6:F29), "-") | G30: =IFERROR(AVERAGE(G6:G29), "-") | H30: =IFERROR(AVERAGE(H6:H29), "-") | I30: =IFERROR(AVERAGE(I6:I29), "-") | J30: =IFERROR(AVERAGE(J6:J29), "-") | ... N30: =IFERROR(AVERAGE(N6:N29), "-") | O30: - | P30: =IFERROR(AVERAGE(P6:P29), "-") | Q30: =IFERROR(AVERAGE(Q6:Q29), "-") | R30: =IFERROR(AVERAGE(R6:R29), "-") | S30: =IFERROR(AVERAGE(S6:S29), "-")
A33: 【Q4 檢核指標項目清單參照】
A34: 指標 1 | B34: 1. 能辨識並察覺自己的身體出現不舒服或異常
A35: 指標 2 | B35: 2. 能準確指出或觸摸自己不舒服的身體部位
A36: 指標 3 | B36: 3. 能用言語或圖卡表達疼痛（如刺痛、悶痛）或不適感受
A37: 指標 4 | B37: 4. 能知道身體不適時需第一時間告知支持者或家屬
A38: 指標 5 | B38: 5. 能說出或指出需要尋求的醫療協助（如看醫生、吃藥）
A39: 指標 6 | B39: 6. 能正確選擇適合的日用／夜用型衛生用品
A40: 指標 7 | B40: 7. 能正確完成衛生用品的黏貼與更換完整流程
A41: 指標 8 | B41: 8. 能妥善包裝並丟棄使用過的衛生用品至垃圾桶
A42: 指標 9 | B42: 9. 就醫看診時能回答醫師的基本問診問題
A43: 指標 10 | B43: 10. 能主動向醫師或支持者提出自己的健康疑問

Sheet 年度成果統計總表
A1: 116年度全年度四季前後測成績與進步成效總表 (空白範本)
A4: 學員姓名 | B4: Q1前測 | C4: Q1課堂 | D4: Q1後測 | E4: Q2前測 | F4: Q2課堂 | G4: Q2後測 | H4: Q3前測 | I4: Q3課堂 | J4: Q3後測 | K4: Q4前測 | L4: Q4課堂 | M4: Q4後測 | N4: 年度年初基準 | O4: 年度年末總結 | P4: 年度總進步率
A5: 學員 1 | B5: ='Q1評量打分'!M6 | C5: ='Q1評量打分'!M7 | D5: ='Q1評量打分'!M8 | E5: ='Q2評量打分'!M6 | F5: ='Q2評量打分'!M7 | G5: ='Q2評量打分'!M8 | H5: ='Q3評量打分'!M6 | I5: ='Q3評量打分'!M7 | J5: ='Q3評量打分'!M8 | K5: ='Q4評量打分'!M6 | L5: ='Q4評量打分'!M7 | M5: ='Q4評量打分'!M8 | N5: =B5 | O5: =M5 | P5: =IF(AND(ISNUMBER(N5), ISNUMBER(O5), N5>0), (O5-N5)/N5, "")
A6: 學員 2 | B6: ='Q1評量打分'!M9 | C6: ='Q1評量打分'!M10 | D6: ='Q1評量打分'!M11 | E6: ='Q2評量打分'!M9 | F6: ='Q2評量打分'!M10 | G6: ='Q2評量打分'!M11 | H6: ='Q3評量打分'!M9 | I6: ='Q3評量打分'!M10 | J6: ='Q3評量打分'!M11 | K6: ='Q4評量打分'!M9 | L6: ='Q4評量打分'!M10 | M6: ='Q4評量打分'!M11 | N6: =B6 | O6: =M6 | P6: =IF(AND(ISNUMBER(N6), ISNUMBER(O6), N6>0), (O6-N6)/N6, "")
A7: 學員 3 | B7: ='Q1評量打分'!M12 | C7: ='Q1評量打分'!M13 | D7: ='Q1評量打分'!M14 | E7: ='Q2評量打分'!M12 | F7: ='Q2評量打分'!M13 | G7: ='Q2評量打分'!M14 | H7: ='Q3評量打分'!M12 | I7: ='Q3評量打分'!M13 | J7: ='Q3評量打分'!M14 | K7: ='Q4評量打分'!M12 | L7: ='Q4評量打分'!M13 | M7: ='Q4評量打分'!M14 | N7: =B7 | O7: =M7 | P7: =IF(AND(ISNUMBER(N7), ISNUMBER(O7), N7>0), (O7-N7)/N7, "")
A8: 學員 4 | B8: ='Q1評量打分'!M15 | C8: ='Q1評量打分'!M16 | D8: ='Q1評量打分'!M17 | E8: ='Q2評量打分'!M15 | F8: ='Q2評量打分'!M16 | G8: ='Q2評量打分'!M17 | H8: ='Q3評量打分'!M15 | I8: ='Q3評量打分'!M16 | J8: ='Q3評量打分'!M17 | K8: ='Q4評量打分'!M15 | L8: ='Q4評量打分'!M16 | M8: ='Q4評量打分'!M17 | N8: =B8 | O8: =M8 | P8: =IF(AND(ISNUMBER(N8), ISNUMBER(O8), N8>0), (O8-N8)/N8, "")
A9: 學員 5 | B9: ='Q1評量打分'!M18 | C9: ='Q1評量打分'!M19 | D9: ='Q1評量打分'!M20 | E9: ='Q2評量打分'!M18 | F9: ='Q2評量打分'!M19 | G9: ='Q2評量打分'!M20 | H9: ='Q3評量打分'!M18 | I9: ='Q3評量打分'!M19 | J9: ='Q3評量打分'!M20 | K9: ='Q4評量打分'!M18 | L9: ='Q4評量打分'!M19 | M9: ='Q4評量打分'!M20 | N9: =B9 | O9: =M9 | P9: =IF(AND(ISNUMBER(N9), ISNUMBER(O9), N9>0), (O9-N9)/N9, "")
A10: 學員 6 | B10: ='Q1評量打分'!M21 | C10: ='Q1評量打分'!M22 | D10: ='Q1評量打分'!M23 | E10: ='Q2評量打分'!M21 | F10: ='Q2評量打分'!M22 | G10: ='Q2評量打分'!M23 | H10: ='Q3評量打分'!M21 | I10: ='Q3評量打分'!M22 | J10: ='Q3評量打分'!M23 | K10: ='Q4評量打分'!M21 | L10: ='Q4評量打分'!M22 | M10: ='Q4評量打分'!M23 | N10: =B10 | O10: =M10 | P10: =IF(AND(ISNUMBER(N10), ISNUMBER(O10), N10>0), (O10-N10)/N10, "")
A11: 學員 7 | B11: ='Q1評量打分'!M24 | C11: ='Q1評量打分'!M25 | D11: ='Q1評量打分'!M26 | E11: ='Q2評量打分'!M24 | F11: ='Q2評量打分'!M25 | G11: ='Q2評量打分'!M26 | H11: ='Q3評量打分'!M24 | I11: ='Q3評量打分'!M25 | J11: ='Q3評量打分'!M26 | K11: ='Q4評量打分'!M24 | L11: ='Q4評量打分'!M25 | M11: ='Q4評量打分'!M26 | N11: =B11 | O11: =M11 | P11: =IF(AND(ISNUMBER(N11), ISNUMBER(O11), N11>0), (O11-N11)/N11, "")
A12: 學員 8 | B12: ='Q1評量打分'!M27 | C12: ='Q1評量打分'!M28 | D12: ='Q1評量打分'!M29 | E12: ='Q2評量打分'!M27 | F12: ='Q2評量打分'!M28 | G12: ='Q2評量打分'!M29 | H12: ='Q3評量打分'!M27 | I12: ='Q3評量打分'!M28 | J12: ='Q3評量打分'!M29 | K12: ='Q4評量打分'!M27 | L12: ='Q4評量打分'!M28 | M12: ='Q4評量打分'!M29 | N12: =B12 | O12: =M12 | P12: =IF(AND(ISNUMBER(N12), ISNUMBER(O12), N12>0), (O12-N12)/N12, "")
