Workbook

Sheet 評分標準與說明
A1: 116年度身心障礙者服務衛教執行計畫暨成效評量手冊 - 評分標準與使用說明
A4: 分數 | B4: 評分等級 | C4: 判定標準與具體表現說明 | D4: 學習階段判定 | E4: 代表色彩 | F4: 備註說明
A5: 5 | B5: 可獨立完成 | C5: 不需要任何提示，能主動且正確無誤地完成完整步驟。 | D5: 🟢 獨立自主階段 (4.5~5.0分) | E5: 綠色 | F5: 達到完全自立水準
A6: 4 | B6: 口語提示 | C6: 支持者給予口頭提醒（如：「夾的動作呢？」）即可正確完成。 | D6: 🔵 口語提示階段 (3.5~4.4分) | E6: 藍色 | F6: 達到基本自立達標標準
A7: 3 | B7: 肢體協助 | C7: 需要支持者給予肢體引導或輕碰示範（如牽手引導角度）才能完成。 | D7: 🟡 肢體協助階段 (2.5~3.4分) | E7: 黃色 | F7: 需日常持續操作練習
A8: 2 | B8: 部分協助 | C8: 需支持者協助操作超過一半或關鍵步驟才能完成。 | D8: 🟡 部分協助階段 (2.0~2.4分) | E8: 橙色 | F8: 需拆解步驟個別引導
A9: 1 | B9: 大量協助 | C9: 大部分步驟由支持者代為操作，使用者僅能參與極少部分。 | D9: 🟠 大量協助階段 (1.0~1.9分) | E9: 紅橙色 | F9: 需支持者全程密集陪伴
A10: 0 | B10: 無法完成 | C10: 即使提供大量協助仍無法完成或拒絕配合操作。 | D10: 🔴 引導探索階段 (0.0~0.9分) | E10: 紅色 | F10: 需建立動機與基礎習慣
A12: ◆ 每季固定「3個月教學推進模式」
A13: 第 1 個月 | B13: 認識 ＋ 示範（實施季前測） | C13: 實施「季前測」直接評量以確認真實起點，支持者示範標準步驟。
A14: 第 2 個月 | B14: 實際操作（實施課堂/月檢核） | C14: 日常情境重複練習，提供分級提示支持，記錄課堂平時操作分數。
A15: 第 3 個月 | B15: 情境應用 ＋ 季後測（實施季後測） | C15: 綜合情境演練，逐步褪除提示支持，實施「季後測」檢驗進步成效。
A17: ◆ 核心成效指標計算公式
A18: 1. 進步分數 | B18: ＝ 季後測得分 － 季前測得分
A19: 2. 達成率 (%) | B19: ＝ (實際得分 ÷ 滿分 50 分) × 100%
A20: 3. 進步率 (%) | B20: ＝ (進步分數 ÷ 季前測得分) × 100%
A21: 4. 成長百分點 | B21: ＝ 季後測達成率 (%) － 季前測達成率 (%)
A22: 5. 指標平均分 | B22: ＝ 總得分 ÷ 10項檢核指標 (滿分5分)

Sheet Q1評量打分
A1: 第一季 (1~3月)：健康衛生與日常照護 - 學員前測／課堂平時／後測評量打分表
A3: 【評分提示等級】5分:可獨立完成 ｜ 4分:口語提示 ｜ 3分:肢體協助 ｜ 2分:部分協助 ｜ 1分:大量協助 ｜ 0分:無法完成 (滿分50分)
A4: 學員姓名 | B4: 評量階段 | C4: 指標 1 | D4: 指標 2 | E4: 指標 3 | F4: 指標 4 | G4: 指標 5 | H4: 指標 6 | I4: 指標 7 | J4: 指標 8 | K4: 指標 9 | L4: 指標 10 | M4: 總得分 | N4: 平均分 | O4: 學習階段判定 | P4: 達成率 | Q4: 進步分數 | R4: 進步率 | S4: 成長百分點
C5: (滿分5) | D5: (滿分5) | E5: (滿分5) | F5: (滿分5) | G5: (滿分5) | H5: (滿分5) | I5: (滿分5) | J5: (滿分5) | K5: (滿分5) | L5: (滿分5) | M5: (滿分50) | N5: (0~5分) | O5: (等級標記) | P5: (%) | Q5: (後-前) | R5: (%) | S5: (%pt)
A6: 宇彤 | B6: 1. 前測 (第1月) | C6: 3 | D6: 3 | E6: 2 | F6: 3 | G6: 2 | H6: 3 | I6: 3 | J6: 3 | K6: 3 | L6: 3 | M6: =SUM(C6:L6) | N6: =AVERAGE(C6:L6) | O6: =IF(N6>=4.5,"🟢 獨立完成",IF(N6>=3.5,"🔵 口語提示",IF(N6>=2.0,"🟡 肢體/部分協助","🟠 大量協助"))) | P6: =M6/50 | Q6: =M8-M6 | R6: =IF(M6>0, (M8-M6)/M6, (M8-M6)/50) | S6: =P8-P6
B7: 2. 課堂 (第2月) | C7: 4 | D7: 4 | E7: 3 | F7: 4 | G7: 3 | H7: 4 | I7: 3 | J7: 4 | K7: 3 | L7: 4 | M7: =SUM(C7:L7) | N7: =AVERAGE(C7:L7) | O7: =IF(N7>=4.5,"🟢 獨立完成",IF(N7>=3.5,"🔵 口語提示",IF(N7>=2.0,"🟡 肢體/部分協助","🟠 大量協助"))) | P7: =M7/50
B8: 3. 後測 (第3月) | C8: 4 | D8: 5 | E8: 4 | F8: 4 | G8: 4 | H8: 4 | I8: 4 | J8: 5 | K8: 4 | L8: 4 | M8: =SUM(C8:L8) | N8: =AVERAGE(C8:L8) | O8: =IF(N8>=4.5,"🟢 獨立完成",IF(N8>=3.5,"🔵 口語提示",IF(N8>=2.0,"🟡 肢體/部分協助","🟠 大量協助"))) | P8: =M8/50
A9: 育萱 | B9: 1. 前測 (第1月) | C9: 4 | D9: 3 | E9: 3 | F9: 4 | G9: 3 | H9: 4 | I9: 4 | J9: 3 | K9: 3 | L9: 4 | M9: =SUM(C9:L9) | N9: =AVERAGE(C9:L9) | O9: =IF(N9>=4.5,"🟢 獨立完成",IF(N9>=3.5,"🔵 口語提示",IF(N9>=2.0,"🟡 肢體/部分協助","🟠 大量協助"))) | P9: =M9/50 | Q9: =M11-M9 | R9: =IF(M9>0, (M11-M9)/M9, (M11-M9)/50) | S9: =P11-P9
B10: 2. 課堂 (第2月) | C10: 4 | D10: 4 | E10: 4 | F10: 4 | G10: 4 | H10: 4 | I10: 4 | J10: 4 | K10: 4 | L10: 4 | M10: =SUM(C10:L10) | N10: =AVERAGE(C10:L10) | O10: =IF(N10>=4.5,"🟢 獨立完成",IF(N10>=3.5,"🔵 口語提示",IF(N10>=2.0,"🟡 肢體/部分協助","🟠 大量協助"))) | P10: =M10/50
B11: 3. 後測 (第3月) | C11: 5 | D11: 5 | E11: 4 | F11: 5 | G11: 4 | H11: 5 | I11: 5 | J11: 4 | K11: 4 | L11: 5 | M11: =SUM(C11:L11) | N11: =AVERAGE(C11:L11) | O11: =IF(N11>=4.5,"🟢 獨立完成",IF(N11>=3.5,"🔵 口語提示",IF(N11>=2.0,"🟡 肢體/部分協助","🟠 大量協助"))) | P11: =M11/50
A12: 高齊 | B12: 1. 前測 (第1月) | C12: 3 | D12: 2 | E12: 2 | F12: 3 | G12: 2 | H12: 2 | I12: 3 | J12: 3 | K12: 2 | L12: 3 | M12: =SUM(C12:L12) | N12: =AVERAGE(C12:L12) | O12: =IF(N12>=4.5,"🟢 獨立完成",IF(N12>=3.5,"🔵 口語提示",IF(N12>=2.0,"🟡 肢體/部分協助","🟠 大量協助"))) | P12: =M12/50 | Q12: =M14-M12 | R12: =IF(M12>0, (M14-M12)/M12, (M14-M12)/50) | S12: =P14-P12
B13: 2. 課堂 (第2月) | C13: 3 | D13: 3 | E13: 3 | F13: 3 | G13: 3 | H13: 4 | I13: 3 | J13: 3 | K13: 3 | L13: 4 | M13: =SUM(C13:L13) | N13: =AVERAGE(C13:L13) | O13: =IF(N13>=4.5,"🟢 獨立完成",IF(N13>=3.5,"🔵 口語提示",IF(N13>=2.0,"🟡 肢體/部分協助","🟠 大量協助"))) | P13: =M13/50
B14: 3. 後測 (第3月) | C14: 4 | D14: 4 | E14: 4 | F14: 4 | G14: 4 | H14: 4 | I14: 4 | J14: 4 | K14: 4 | L14: 4 | M14: =SUM(C14:L14) | N14: =AVERAGE(C14:L14) | O14: =IF(N14>=4.5,"🟢 獨立完成",IF(N14>=3.5,"🔵 口語提示",IF(N14>=2.0,"🟡 肢體/部分協助","🟠 大量協助"))) | P14: =M14/50
A15: 芷嫻 | B15: 1. 前測 (第1月) | C15: 3 | D15: 3 | E15: 3 | F15: 3 | G15: 3 | H15: 3 | I15: 4 | J15: 3 | K15: 3 | L15: 4 | M15: =SUM(C15:L15) | N15: =AVERAGE(C15:L15) | O15: =IF(N15>=4.5,"🟢 獨立完成",IF(N15>=3.5,"🔵 口語提示",IF(N15>=2.0,"🟡 肢體/部分協助","🟠 大量協助"))) | P15: =M15/50 | Q15: =M17-M15 | R15: =IF(M15>0, (M17-M15)/M15, (M17-M15)/50) | S15: =P17-P15
B16: 2. 課堂 (第2月) | C16: 4 | D16: 4 | E16: 4 | F16: 4 | G16: 4 | H16: 4 | I16: 4 | J16: 4 | K16: 4 | L16: 4 | M16: =SUM(C16:L16) | N16: =AVERAGE(C16:L16) | O16: =IF(N16>=4.5,"🟢 獨立完成",IF(N16>=3.5,"🔵 口語提示",IF(N16>=2.0,"🟡 肢體/部分協助","🟠 大量協助"))) | P16: =M16/50
B17: 3. 後測 (第3月) | C17: 5 | D17: 4 | E17: 4 | F17: 4 | G17: 5 | H17: 4 | I17: 4 | J17: 4 | K17: 5 | L17: 5 | M17: =SUM(C17:L17) | N17: =AVERAGE(C17:L17) | O17: =IF(N17>=4.5,"🟢 獨立完成",IF(N17>=3.5,"🔵 口語提示",IF(N17>=2.0,"🟡 肢體/部分協助","🟠 大量協助"))) | P17: =M17/50
A18: 志豪 | B18: 1. 前測 (第1月) | C18: 2 | D18: 2 | E18: 2 | F18: 2 | G18: 2 | H18: 2 | I18: 2 | J18: 2 | K18: 2 | L18: 2 | M18: =SUM(C18:L18) | N18: =AVERAGE(C18:L18) | O18: =IF(N18>=4.5,"🟢 獨立完成",IF(N18>=3.5,"🔵 口語提示",IF(N18>=2.0,"🟡 肢體/部分協助","🟠 大量協助"))) | P18: =M18/50 | Q18: =M20-M18 | R18: =IF(M18>0, (M20-M18)/M18, (M20-M18)/50) | S18: =P20-P18
B19: 2. 課堂 (第2月) | C19: 3 | D19: 3 | E19: 3 | F19: 3 | G19: 3 | H19: 3 | I19: 3 | J19: 3 | K19: 3 | L19: 3 | M19: =SUM(C19:L19) | N19: =AVERAGE(C19:L19) | O19: =IF(N19>=4.5,"🟢 獨立完成",IF(N19>=3.5,"🔵 口語提示",IF(N19>=2.0,"🟡 肢體/部分協助","🟠 大量協助"))) | P19: =M19/50
B20: 3. 後測 (第3月) | C20: 4 | D20: 3 | E20: 3 | F20: 4 | G20: 3 | H20: 4 | I20: 3 | J20: 4 | K20: 3 | L20: 4 | M20: =SUM(C20:L20) | N20: =AVERAGE(C20:L20) | O20: =IF(N20>=4.5,"🟢 獨立完成",IF(N20>=3.5,"🔵 口語提示",IF(N20>=2.0,"🟡 肢體/部分協助","🟠 大量協助"))) | P20: =M20/50
A21: 雅婷 | B21: 1. 前測 (第1月) | C21: 4 | D21: 4 | E21: 3 | F21: 3 | G21: 4 | H21: 3 | I21: 4 | J21: 3 | K21: 4 | L21: 4 | M21: =SUM(C21:L21) | N21: =AVERAGE(C21:L21) | O21: =IF(N21>=4.5,"🟢 獨立完成",IF(N21>=3.5,"🔵 口語提示",IF(N21>=2.0,"🟡 肢體/部分協助","🟠 大量協助"))) | P21: =M21/50 | Q21: =M23-M21 | R21: =IF(M21>0, (M23-M21)/M21, (M23-M21)/50) | S21: =P23-P21
B22: 2. 課堂 (第2月) | C22: 4 | D22: 4 | E22: 4 | F22: 4 | G22: 4 | H22: 4 | I22: 4 | J22: 4 | K22: 4 | L22: 4 | M22: =SUM(C22:L22) | N22: =AVERAGE(C22:L22) | O22: =IF(N22>=4.5,"🟢 獨立完成",IF(N22>=3.5,"🔵 口語提示",IF(N22>=2.0,"🟡 肢體/部分協助","🟠 大量協助"))) | P22: =M22/50
B23: 3. 後測 (第3月) | C23: 5 | D23: 5 | E23: 4 | F23: 4 | G23: 5 | H23: 4 | I23: 5 | J23: 4 | K23: 5 | L23: 5 | M23: =SUM(C23:L23) | N23: =AVERAGE(C23:L23) | O23: =IF(N23>=4.5,"🟢 獨立完成",IF(N23>=3.5,"🔵 口語提示",IF(N23>=2.0,"🟡 肢體/部分協助","🟠 大量協助"))) | P23: =M23/50
A24: 全班平均常模 | C24: =AVERAGE(C6:C23) | D24: =AVERAGE(D6:D23) | E24: =AVERAGE(E6:E23) | F24: =AVERAGE(F6:F23) | G24: =AVERAGE(G6:G23) | H24: =AVERAGE(H6:H23) | I24: =AVERAGE(I6:I23) | J24: =AVERAGE(J6:J23) | ... N24: =AVERAGE(N6:N23) | O24: - | P24: =AVERAGE(P6:P23) | Q24: =AVERAGE(Q6:Q23) | R24: =AVERAGE(R6:R23) | S24: =AVERAGE(S6:S23)
A27: 【Q1 檢核指標項目清單參照】
A28: 指標 1 | B28: 1. 能說出需要洗手的時機（如飯前、便後、擤鼻涕後等）
A29: 指標 2 | B29: 2. 能正確執行內外夾弓大立腕洗手步驟
A30: 指標 3 | B30: 3. 能將雙手搓洗至乾淨並以流動水沖洗乾淨
A31: 指標 4 | B31: 4. 能正確拿取牙刷及牙膏並擠出適當量
A32: 指標 5 | B32: 5. 能維持適當角度（貝氏刷牙法）刷牙
A33: 指標 6 | B33: 6. 能依序清潔牙齒各區域（內側、外側、咬合面）
A34: 指標 7 | B34: 7. 能用流動水清潔傷口及周圍髒污
A35: 指標 8 | B35: 8. 能正確撕開並使用OK繃／透氣膠帶包紮傷口
A36: 指標 9 | B36: 9. 止鼻血時能保持頭部微前傾並正確加壓止血
A37: 指標 10 | B37: 10. 止血或傷口護理時，能知道何時需尋求支持者協助

Sheet Q2評量打分
A1: 第二季 (4~6月)：健康飲食與身體監測 - 學員前測／課堂平時／後測評量打分表
A3: 【評分提示等級】5分:可獨立完成 ｜ 4分:口語提示 ｜ 3分:肢體協助 ｜ 2分:部分協助 ｜ 1分:大量協助 ｜ 0分:無法完成 (滿分50分)
A4: 學員姓名 | B4: 評量階段 | C4: 指標 1 | D4: 指標 2 | E4: 指標 3 | F4: 指標 4 | G4: 指標 5 | H4: 指標 6 | I4: 指標 7 | J4: 指標 8 | K4: 指標 9 | L4: 指標 10 | M4: 總得分 | N4: 平均分 | O4: 學習階段判定 | P4: 達成率 | Q4: 進步分數 | R4: 進步率 | S4: 成長百分點
C5: (滿分5) | D5: (滿分5) | E5: (滿分5) | F5: (滿分5) | G5: (滿分5) | H5: (滿分5) | I5: (滿分5) | J5: (滿分5) | K5: (滿分5) | L5: (滿分5) | M5: (滿分50) | N5: (0~5分) | O5: (等級標記) | P5: (%) | Q5: (後-前) | R5: (%) | S5: (%pt)
A6: 宇彤 | B6: 1. 前測 (第1月) | C6: 2 | D6: 3 | E6: 4 | F6: 2 | G6: 3 | H6: 4 | I6: 2 | J6: 3 | K6: 4 | L6: 2 | M6: =SUM(C6:L6) | N6: =AVERAGE(C6:L6) | O6: =IF(N6>=4.5,"🟢 獨立完成",IF(N6>=3.5,"🔵 口語提示",IF(N6>=2.0,"🟡 肢體/部分協助","🟠 大量協助"))) | P6: =M6/50 | Q6: =M8-M6 | R6: =IF(M6>0, (M8-M6)/M6, (M8-M6)/50) | S6: =P8-P6
B7: 2. 課堂 (第2月) | C7: 3 | D7: 4 | E7: 3 | F7: 4 | G7: 3 | H7: 4 | I7: 3 | J7: 4 | K7: 3 | L7: 4 | M7: =SUM(C7:L7) | N7: =AVERAGE(C7:L7) | O7: =IF(N7>=4.5,"🟢 獨立完成",IF(N7>=3.5,"🔵 口語提示",IF(N7>=2.0,"🟡 肢體/部分協助","🟠 大量協助"))) | P7: =M7/50
B8: 3. 後測 (第3月) | C8: 4 | D8: 5 | E8: 4 | F8: 5 | G8: 4 | H8: 5 | I8: 4 | J8: 5 | K8: 4 | L8: 5 | M8: =SUM(C8:L8) | N8: =AVERAGE(C8:L8) | O8: =IF(N8>=4.5,"🟢 獨立完成",IF(N8>=3.5,"🔵 口語提示",IF(N8>=2.0,"🟡 肢體/部分協助","🟠 大量協助"))) | P8: =M8/50
A9: 育萱 | B9: 1. 前測 (第1月) | C9: 2 | D9: 3 | E9: 4 | F9: 2 | G9: 3 | H9: 4 | I9: 2 | J9: 3 | K9: 4 | L9: 2 | M9: =SUM(C9:L9) | N9: =AVERAGE(C9:L9) | O9: =IF(N9>=4.5,"🟢 獨立完成",IF(N9>=3.5,"🔵 口語提示",IF(N9>=2.0,"🟡 肢體/部分協助","🟠 大量協助"))) | P9: =M9/50 | Q9: =M11-M9 | R9: =IF(M9>0, (M11-M9)/M9, (M11-M9)/50) | S9: =P11-P9
B10: 2. 課堂 (第2月) | C10: 3 | D10: 4 | E10: 3 | F10: 4 | G10: 3 | H10: 4 | I10: 3 | J10: 4 | K10: 3 | L10: 4 | M10: =SUM(C10:L10) | N10: =AVERAGE(C10:L10) | O10: =IF(N10>=4.5,"🟢 獨立完成",IF(N10>=3.5,"🔵 口語提示",IF(N10>=2.0,"🟡 肢體/部分協助","🟠 大量協助"))) | P10: =M10/50
B11: 3. 後測 (第3月) | C11: 4 | D11: 5 | E11: 4 | F11: 5 | G11: 4 | H11: 5 | I11: 4 | J11: 5 | K11: 4 | L11: 5 | M11: =SUM(C11:L11) | N11: =AVERAGE(C11:L11) | O11: =IF(N11>=4.5,"🟢 獨立完成",IF(N11>=3.5,"🔵 口語提示",IF(N11>=2.0,"🟡 肢體/部分協助","🟠 大量協助"))) | P11: =M11/50
A12: 高齊 | B12: 1. 前測 (第1月) | C12: 2 | D12: 3 | E12: 4 | F12: 2 | G12: 3 | H12: 4 | I12: 2 | J12: 3 | K12: 4 | L12: 2 | M12: =SUM(C12:L12) | N12: =AVERAGE(C12:L12) | O12: =IF(N12>=4.5,"🟢 獨立完成",IF(N12>=3.5,"🔵 口語提示",IF(N12>=2.0,"🟡 肢體/部分協助","🟠 大量協助"))) | P12: =M12/50 | Q12: =M14-M12 | R12: =IF(M12>0, (M14-M12)/M12, (M14-M12)/50) | S12: =P14-P12
B13: 2. 課堂 (第2月) | C13: 3 | D13: 4 | E13: 3 | F13: 4 | G13: 3 | H13: 4 | I13: 3 | J13: 4 | K13: 3 | L13: 4 | M13: =SUM(C13:L13) | N13: =AVERAGE(C13:L13) | O13: =IF(N13>=4.5,"🟢 獨立完成",IF(N13>=3.5,"🔵 口語提示",IF(N13>=2.0,"🟡 肢體/部分協助","🟠 大量協助"))) | P13: =M13/50
B14: 3. 後測 (第3月) | C14: 4 | D14: 5 | E14: 4 | F14: 5 | G14: 4 | H14: 5 | I14: 4 | J14: 5 | K14: 4 | L14: 5 | M14: =SUM(C14:L14) | N14: =AVERAGE(C14:L14) | O14: =IF(N14>=4.5,"🟢 獨立完成",IF(N14>=3.5,"🔵 口語提示",IF(N14>=2.0,"🟡 肢體/部分協助","🟠 大量協助"))) | P14: =M14/50
A15: 芷嫻 | B15: 1. 前測 (第1月) | C15: 2 | D15: 3 | E15: 4 | F15: 2 | G15: 3 | H15: 4 | I15: 2 | J15: 3 | K15: 4 | L15: 2 | M15: =SUM(C15:L15) | N15: =AVERAGE(C15:L15) | O15: =IF(N15>=4.5,"🟢 獨立完成",IF(N15>=3.5,"🔵 口語提示",IF(N15>=2.0,"🟡 肢體/部分協助","🟠 大量協助"))) | P15: =M15/50 | Q15: =M17-M15 | R15: =IF(M15>0, (M17-M15)/M15, (M17-M15)/50) | S15: =P17-P15
B16: 2. 課堂 (第2月) | C16: 3 | D16: 4 | E16: 3 | F16: 4 | G16: 3 | H16: 4 | I16: 3 | J16: 4 | K16: 3 | L16: 4 | M16: =SUM(C16:L16) | N16: =AVERAGE(C16:L16) | O16: =IF(N16>=4.5,"🟢 獨立完成",IF(N16>=3.5,"🔵 口語提示",IF(N16>=2.0,"🟡 肢體/部分協助","🟠 大量協助"))) | P16: =M16/50
B17: 3. 後測 (第3月) | C17: 4 | D17: 5 | E17: 4 | F17: 5 | G17: 4 | H17: 5 | I17: 4 | J17: 5 | K17: 4 | L17: 5 | M17: =SUM(C17:L17) | N17: =AVERAGE(C17:L17) | O17: =IF(N17>=4.5,"🟢 獨立完成",IF(N17>=3.5,"🔵 口語提示",IF(N17>=2.0,"🟡 肢體/部分協助","🟠 大量協助"))) | P17: =M17/50
A18: 志豪 | B18: 1. 前測 (第1月) | C18: 2 | D18: 3 | E18: 4 | F18: 2 | G18: 3 | H18: 4 | I18: 2 | J18: 3 | K18: 4 | L18: 2 | M18: =SUM(C18:L18) | N18: =AVERAGE(C18:L18) | O18: =IF(N18>=4.5,"🟢 獨立完成",IF(N18>=3.5,"🔵 口語提示",IF(N18>=2.0,"🟡 肢體/部分協助","🟠 大量協助"))) | P18: =M18/50 | Q18: =M20-M18 | R18: =IF(M18>0, (M20-M18)/M18, (M20-M18)/50) | S18: =P20-P18
B19: 2. 課堂 (第2月) | C19: 3 | D19: 4 | E19: 3 | F19: 4 | G19: 3 | H19: 4 | I19: 3 | J19: 4 | K19: 3 | L19: 4 | M19: =SUM(C19:L19) | N19: =AVERAGE(C19:L19) | O19: =IF(N19>=4.5,"🟢 獨立完成",IF(N19>=3.5,"🔵 口語提示",IF(N19>=2.0,"🟡 肢體/部分協助","🟠 大量協助"))) | P19: =M19/50
B20: 3. 後測 (第3月) | C20: 4 | D20: 5 | E20: 4 | F20: 5 | G20: 4 | H20: 5 | I20: 4 | J20: 5 | K20: 4 | L20: 5 | M20: =SUM(C20:L20) | N20: =AVERAGE(C20:L20) | O20: =IF(N20>=4.5,"🟢 獨立完成",IF(N20>=3.5,"🔵 口語提示",IF(N20>=2.0,"🟡 肢體/部分協助","🟠 大量協助"))) | P20: =M20/50
A21: 雅婷 | B21: 1. 前測 (第1月) | C21: 2 | D21: 3 | E21: 4 | F21: 2 | G21: 3 | H21: 4 | I21: 2 | J21: 3 | K21: 4 | L21: 2 | M21: =SUM(C21:L21) | N21: =AVERAGE(C21:L21) | O21: =IF(N21>=4.5,"🟢 獨立完成",IF(N21>=3.5,"🔵 口語提示",IF(N21>=2.0,"🟡 肢體/部分協助","🟠 大量協助"))) | P21: =M21/50 | Q21: =M23-M21 | R21: =IF(M21>0, (M23-M21)/M21, (M23-M21)/50) | S21: =P23-P21
B22: 2. 課堂 (第2月) | C22: 3 | D22: 4 | E22: 3 | F22: 4 | G22: 3 | H22: 4 | I22: 3 | J22: 4 | K22: 3 | L22: 4 | M22: =SUM(C22:L22) | N22: =AVERAGE(C22:L22) | O22: =IF(N22>=4.5,"🟢 獨立完成",IF(N22>=3.5,"🔵 口語提示",IF(N22>=2.0,"🟡 肢體/部分協助","🟠 大量協助"))) | P22: =M22/50
B23: 3. 後測 (第3月) | C23: 4 | D23: 5 | E23: 4 | F23: 5 | G23: 4 | H23: 5 | I23: 4 | J23: 5 | K23: 4 | L23: 5 | M23: =SUM(C23:L23) | N23: =AVERAGE(C23:L23) | O23: =IF(N23>=4.5,"🟢 獨立完成",IF(N23>=3.5,"🔵 口語提示",IF(N23>=2.0,"🟡 肢體/部分協助","🟠 大量協助"))) | P23: =M23/50
A24: 全班平均常模 | C24: =AVERAGE(C6:C23) | D24: =AVERAGE(D6:D23) | E24: =AVERAGE(E6:E23) | F24: =AVERAGE(F6:F23) | G24: =AVERAGE(G6:G23) | H24: =AVERAGE(H6:H23) | I24: =AVERAGE(I6:I23) | J24: =AVERAGE(J6:J23) | ... N24: =AVERAGE(N6:N23) | O24: - | P24: =AVERAGE(P6:P23) | Q24: =AVERAGE(Q6:Q23) | R24: =AVERAGE(R6:R23) | S24: =AVERAGE(S6:S23)
A27: 【Q2 檢核指標項目清單參照】
A28: 指標 1 | B28: 1. 能分辨紅（少吃）、黃（適量）、綠（天天吃）燈食物
A29: 指標 2 | B29: 2. 能從菜單或實物中挑選澱粉類（全穀雜糧）食物
A30: 指標 3 | B30: 3. 能挑選蛋白質（蛋豆魚肉）食物
A31: 指標 4 | B31: 4. 能主動選擇或夾取蔬菜類食物
A32: 指標 5 | B32: 5. 能依據均衡飲食原則組合一份完整餐點
A33: 指標 6 | B33: 6. 能正確操作額溫槍並對準額頭量測
A34: 指標 7 | B34: 7. 能正確配戴壓脈帶並操作電子血壓計
A35: 指標 8 | B35: 8. 能脫鞋站穩量測體重並正確讀取數值
A36: 指標 9 | B36: 9. 能正確夾好血氧機並保持靜止量測
A37: 指標 10 | B37: 10. 能看懂自己的健康數據並說出異常時需注意的地方

Sheet Q3評量打分
A1: 第三季 (7~9月)：緊急事故與健康安全 - 學員前測／課堂平時／後測評量打分表
A3: 【評分提示等級】5分:可獨立完成 ｜ 4分:口語提示 ｜ 3分:肢體協助 ｜ 2分:部分協助 ｜ 1分:大量協助 ｜ 0分:無法完成 (滿分50分)
A4: 學員姓名 | B4: 評量階段 | C4: 指標 1 | D4: 指標 2 | E4: 指標 3 | F4: 指標 4 | G4: 指標 5 | H4: 指標 6 | I4: 指標 7 | J4: 指標 8 | K4: 指標 9 | L4: 指標 10 | M4: 總得分 | N4: 平均分 | O4: 學習階段判定 | P4: 達成率 | Q4: 進步分數 | R4: 進步率 | S4: 成長百分點
C5: (滿分5) | D5: (滿分5) | E5: (滿分5) | F5: (滿分5) | G5: (滿分5) | H5: (滿分5) | I5: (滿分5) | J5: (滿分5) | K5: (滿分5) | L5: (滿分5) | M5: (滿分50) | N5: (0~5分) | O5: (等級標記) | P5: (%) | Q5: (後-前) | R5: (%) | S5: (%pt)
A6: 宇彤 | B6: 1. 前測 (第1月) | C6: 2 | D6: 3 | E6: 4 | F6: 2 | G6: 3 | H6: 4 | I6: 2 | J6: 3 | K6: 4 | L6: 2 | M6: =SUM(C6:L6) | N6: =AVERAGE(C6:L6) | O6: =IF(N6>=4.5,"🟢 獨立完成",IF(N6>=3.5,"🔵 口語提示",IF(N6>=2.0,"🟡 肢體/部分協助","🟠 大量協助"))) | P6: =M6/50 | Q6: =M8-M6 | R6: =IF(M6>0, (M8-M6)/M6, (M8-M6)/50) | S6: =P8-P6
B7: 2. 課堂 (第2月) | C7: 3 | D7: 4 | E7: 3 | F7: 4 | G7: 3 | H7: 4 | I7: 3 | J7: 4 | K7: 3 | L7: 4 | M7: =SUM(C7:L7) | N7: =AVERAGE(C7:L7) | O7: =IF(N7>=4.5,"🟢 獨立完成",IF(N7>=3.5,"🔵 口語提示",IF(N7>=2.0,"🟡 肢體/部分協助","🟠 大量協助"))) | P7: =M7/50
B8: 3. 後測 (第3月) | C8: 4 | D8: 5 | E8: 4 | F8: 5 | G8: 4 | H8: 5 | I8: 4 | J8: 5 | K8: 4 | L8: 5 | M8: =SUM(C8:L8) | N8: =AVERAGE(C8:L8) | O8: =IF(N8>=4.5,"🟢 獨立完成",IF(N8>=3.5,"🔵 口語提示",IF(N8>=2.0,"🟡 肢體/部分協助","🟠 大量協助"))) | P8: =M8/50
A9: 育萱 | B9: 1. 前測 (第1月) | C9: 2 | D9: 3 | E9: 4 | F9: 2 | G9: 3 | H9: 4 | I9: 2 | J9: 3 | K9: 4 | L9: 2 | M9: =SUM(C9:L9) | N9: =AVERAGE(C9:L9) | O9: =IF(N9>=4.5,"🟢 獨立完成",IF(N9>=3.5,"🔵 口語提示",IF(N9>=2.0,"🟡 肢體/部分協助","🟠 大量協助"))) | P9: =M9/50 | Q9: =M11-M9 | R9: =IF(M9>0, (M11-M9)/M9, (M11-M9)/50) | S9: =P11-P9
B10: 2. 課堂 (第2月) | C10: 3 | D10: 4 | E10: 3 | F10: 4 | G10: 3 | H10: 4 | I10: 3 | J10: 4 | K10: 3 | L10: 4 | M10: =SUM(C10:L10) | N10: =AVERAGE(C10:L10) | O10: =IF(N10>=4.5,"🟢 獨立完成",IF(N10>=3.5,"🔵 口語提示",IF(N10>=2.0,"🟡 肢體/部分協助","🟠 大量協助"))) | P10: =M10/50
B11: 3. 後測 (第3月) | C11: 4 | D11: 5 | E11: 4 | F11: 5 | G11: 4 | H11: 5 | I11: 4 | J11: 5 | K11: 4 | L11: 5 | M11: =SUM(C11:L11) | N11: =AVERAGE(C11:L11) | O11: =IF(N11>=4.5,"🟢 獨立完成",IF(N11>=3.5,"🔵 口語提示",IF(N11>=2.0,"🟡 肢體/部分協助","🟠 大量協助"))) | P11: =M11/50
A12: 高齊 | B12: 1. 前測 (第1月) | C12: 2 | D12: 3 | E12: 4 | F12: 2 | G12: 3 | H12: 4 | I12: 2 | J12: 3 | K12: 4 | L12: 2 | M12: =SUM(C12:L12) | N12: =AVERAGE(C12:L12) | O12: =IF(N12>=4.5,"🟢 獨立完成",IF(N12>=3.5,"🔵 口語提示",IF(N12>=2.0,"🟡 肢體/部分協助","🟠 大量協助"))) | P12: =M12/50 | Q12: =M14-M12 | R12: =IF(M12>0, (M14-M12)/M12, (M14-M12)/50) | S12: =P14-P12
B13: 2. 課堂 (第2月) | C13: 3 | D13: 4 | E13: 3 | F13: 4 | G13: 3 | H13: 4 | I13: 3 | J13: 4 | K13: 3 | L13: 4 | M13: =SUM(C13:L13) | N13: =AVERAGE(C13:L13) | O13: =IF(N13>=4.5,"🟢 獨立完成",IF(N13>=3.5,"🔵 口語提示",IF(N13>=2.0,"🟡 肢體/部分協助","🟠 大量協助"))) | P13: =M13/50
B14: 3. 後測 (第3月) | C14: 4 | D14: 5 | E14: 4 | F14: 5 | G14: 4 | H14: 5 | I14: 4 | J14: 5 | K14: 4 | L14: 5 | M14: =SUM(C14:L14) | N14: =AVERAGE(C14:L14) | O14: =IF(N14>=4.5,"🟢 獨立完成",IF(N14>=3.5,"🔵 口語提示",IF(N14>=2.0,"🟡 肢體/部分協助","🟠 大量協助"))) | P14: =M14/50
A15: 芷嫻 | B15: 1. 前測 (第1月) | C15: 2 | D15: 3 | E15: 4 | F15: 2 | G15: 3 | H15: 4 | I15: 2 | J15: 3 | K15: 4 | L15: 2 | M15: =SUM(C15:L15) | N15: =AVERAGE(C15:L15) | O15: =IF(N15>=4.5,"🟢 獨立完成",IF(N15>=3.5,"🔵 口語提示",IF(N15>=2.0,"🟡 肢體/部分協助","🟠 大量協助"))) | P15: =M15/50 | Q15: =M17-M15 | R15: =IF(M15>0, (M17-M15)/M15, (M17-M15)/50) | S15: =P17-P15
B16: 2. 課堂 (第2月) | C16: 3 | D16: 4 | E16: 3 | F16: 4 | G16: 3 | H16: 4 | I16: 3 | J16: 4 | K16: 3 | L16: 4 | M16: =SUM(C16:L16) | N16: =AVERAGE(C16:L16) | O16: =IF(N16>=4.5,"🟢 獨立完成",IF(N16>=3.5,"🔵 口語提示",IF(N16>=2.0,"🟡 肢體/部分協助","🟠 大量協助"))) | P16: =M16/50
B17: 3. 後測 (第3月) | C17: 4 | D17: 5 | E17: 4 | F17: 5 | G17: 4 | H17: 5 | I17: 4 | J17: 5 | K17: 4 | L17: 5 | M17: =SUM(C17:L17) | N17: =AVERAGE(C17:L17) | O17: =IF(N17>=4.5,"🟢 獨立完成",IF(N17>=3.5,"🔵 口語提示",IF(N17>=2.0,"🟡 肢體/部分協助","🟠 大量協助"))) | P17: =M17/50
A18: 志豪 | B18: 1. 前測 (第1月) | C18: 2 | D18: 3 | E18: 4 | F18: 2 | G18: 3 | H18: 4 | I18: 2 | J18: 3 | K18: 4 | L18: 2 | M18: =SUM(C18:L18) | N18: =AVERAGE(C18:L18) | O18: =IF(N18>=4.5,"🟢 獨立完成",IF(N18>=3.5,"🔵 口語提示",IF(N18>=2.0,"🟡 肢體/部分協助","🟠 大量協助"))) | P18: =M18/50 | Q18: =M20-M18 | R18: =IF(M18>0, (M20-M18)/M18, (M20-M18)/50) | S18: =P20-P18
B19: 2. 課堂 (第2月) | C19: 3 | D19: 4 | E19: 3 | F19: 4 | G19: 3 | H19: 4 | I19: 3 | J19: 4 | K19: 3 | L19: 4 | M19: =SUM(C19:L19) | N19: =AVERAGE(C19:L19) | O19: =IF(N19>=4.5,"🟢 獨立完成",IF(N19>=3.5,"🔵 口語提示",IF(N19>=2.0,"🟡 肢體/部分協助","🟠 大量協助"))) | P19: =M19/50
B20: 3. 後測 (第3月) | C20: 4 | D20: 5 | E20: 4 | F20: 5 | G20: 4 | H20: 5 | I20: 4 | J20: 5 | K20: 4 | L20: 5 | M20: =SUM(C20:L20) | N20: =AVERAGE(C20:L20) | O20: =IF(N20>=4.5,"🟢 獨立完成",IF(N20>=3.5,"🔵 口語提示",IF(N20>=2.0,"🟡 肢體/部分協助","🟠 大量協助"))) | P20: =M20/50
A21: 雅婷 | B21: 1. 前測 (第1月) | C21: 2 | D21: 3 | E21: 4 | F21: 2 | G21: 3 | H21: 4 | I21: 2 | J21: 3 | K21: 4 | L21: 2 | M21: =SUM(C21:L21) | N21: =AVERAGE(C21:L21) | O21: =IF(N21>=4.5,"🟢 獨立完成",IF(N21>=3.5,"🔵 口語提示",IF(N21>=2.0,"🟡 肢體/部分協助","🟠 大量協助"))) | P21: =M21/50 | Q21: =M23-M21 | R21: =IF(M21>0, (M23-M21)/M21, (M23-M21)/50) | S21: =P23-P21
B22: 2. 課堂 (第2月) | C22: 3 | D22: 4 | E22: 3 | F22: 4 | G22: 3 | H22: 4 | I22: 3 | J22: 4 | K22: 3 | L22: 4 | M22: =SUM(C22:L22) | N22: =AVERAGE(C22:L22) | O22: =IF(N22>=4.5,"🟢 獨立完成",IF(N22>=3.5,"🔵 口語提示",IF(N22>=2.0,"🟡 肢體/部分協助","🟠 大量協助"))) | P22: =M22/50
B23: 3. 後測 (第3月) | C23: 4 | D23: 5 | E23: 4 | F23: 5 | G23: 4 | H23: 5 | I23: 4 | J23: 5 | K23: 4 | L23: 5 | M23: =SUM(C23:L23) | N23: =AVERAGE(C23:L23) | O23: =IF(N23>=4.5,"🟢 獨立完成",IF(N23>=3.5,"🔵 口語提示",IF(N23>=2.0,"🟡 肢體/部分協助","🟠 大量協助"))) | P23: =M23/50
A24: 全班平均常模 | C24: =AVERAGE(C6:C23) | D24: =AVERAGE(D6:D23) | E24: =AVERAGE(E6:E23) | F24: =AVERAGE(F6:F23) | G24: =AVERAGE(G6:G23) | H24: =AVERAGE(H6:H23) | I24: =AVERAGE(I6:I23) | J24: =AVERAGE(J6:J23) | ... N24: =AVERAGE(N6:N23) | O24: - | P24: =AVERAGE(P6:P23) | Q24: =AVERAGE(Q6:Q23) | R24: =AVERAGE(R6:R23) | S24: =AVERAGE(S6:S23)
A27: 【Q3 檢核指標項目清單參照】
A28: 指標 1 | B28: 1. 能辨識活動區域周遭的危險物品（剪刀、熱水等）
A29: 指標 2 | B29: 2. 遇到緊急或意外狀況時能立即停止原本手邊活動
A30: 指標 3 | B30: 3. 遇到他人跌倒或發作能協助移開周遭危險物品
A31: 指標 4 | B31: 4. 能知道同儕癲癇發作時「不可強行壓制或塞東西入嘴」
A32: 指標 5 | B32: 5. 能聽從指示維持現場安全與通風環境
A33: 指標 6 | B33: 6. 發生意外事件時能知道需要立刻尋求成人/支持者協助
A34: 指標 7 | B34: 7. 遇到危急事件時能大聲呼救或通知他人
A35: 指標 8 | B35: 8. 能說出或指出緊急電話「119」
A36: 指標 9 | B36: 9. 能清楚說出自己的姓名、所在位置等基本報案資訊
A37: 指標 10 | B37: 10. 遇到自己無法處理的情況能主動向外界求助

Sheet Q4評量打分
A1: 第四季 (10~12月)：身體自主與健康自我倡議 - 學員前測／課堂平時／後測評量打分表
A3: 【評分提示等級】5分:可獨立完成 ｜ 4分:口語提示 ｜ 3分:肢體協助 ｜ 2分:部分協助 ｜ 1分:大量協助 ｜ 0分:無法完成 (滿分50分)
A4: 學員姓名 | B4: 評量階段 | C4: 指標 1 | D4: 指標 2 | E4: 指標 3 | F4: 指標 4 | G4: 指標 5 | H4: 指標 6 | I4: 指標 7 | J4: 指標 8 | K4: 指標 9 | L4: 指標 10 | M4: 總得分 | N4: 平均分 | O4: 學習階段判定 | P4: 達成率 | Q4: 進步分數 | R4: 進步率 | S4: 成長百分點
C5: (滿分5) | D5: (滿分5) | E5: (滿分5) | F5: (滿分5) | G5: (滿分5) | H5: (滿分5) | I5: (滿分5) | J5: (滿分5) | K5: (滿分5) | L5: (滿分5) | M5: (滿分50) | N5: (0~5分) | O5: (等級標記) | P5: (%) | Q5: (後-前) | R5: (%) | S5: (%pt)
A6: 宇彤 | B6: 1. 前測 (第1月) | C6: 2 | D6: 3 | E6: 4 | F6: 2 | G6: 3 | H6: 4 | I6: 2 | J6: 3 | K6: 4 | L6: 2 | M6: =SUM(C6:L6) | N6: =AVERAGE(C6:L6) | O6: =IF(N6>=4.5,"🟢 獨立完成",IF(N6>=3.5,"🔵 口語提示",IF(N6>=2.0,"🟡 肢體/部分協助","🟠 大量協助"))) | P6: =M6/50 | Q6: =M8-M6 | R6: =IF(M6>0, (M8-M6)/M6, (M8-M6)/50) | S6: =P8-P6
B7: 2. 課堂 (第2月) | C7: 3 | D7: 4 | E7: 3 | F7: 4 | G7: 3 | H7: 4 | I7: 3 | J7: 4 | K7: 3 | L7: 4 | M7: =SUM(C7:L7) | N7: =AVERAGE(C7:L7) | O7: =IF(N7>=4.5,"🟢 獨立完成",IF(N7>=3.5,"🔵 口語提示",IF(N7>=2.0,"🟡 肢體/部分協助","🟠 大量協助"))) | P7: =M7/50
B8: 3. 後測 (第3月) | C8: 4 | D8: 5 | E8: 4 | F8: 5 | G8: 4 | H8: 5 | I8: 4 | J8: 5 | K8: 4 | L8: 5 | M8: =SUM(C8:L8) | N8: =AVERAGE(C8:L8) | O8: =IF(N8>=4.5,"🟢 獨立完成",IF(N8>=3.5,"🔵 口語提示",IF(N8>=2.0,"🟡 肢體/部分協助","🟠 大量協助"))) | P8: =M8/50
A9: 育萱 | B9: 1. 前測 (第1月) | C9: 2 | D9: 3 | E9: 4 | F9: 2 | G9: 3 | H9: 4 | I9: 2 | J9: 3 | K9: 4 | L9: 2 | M9: =SUM(C9:L9) | N9: =AVERAGE(C9:L9) | O9: =IF(N9>=4.5,"🟢 獨立完成",IF(N9>=3.5,"🔵 口語提示",IF(N9>=2.0,"🟡 肢體/部分協助","🟠 大量協助"))) | P9: =M9/50 | Q9: =M11-M9 | R9: =IF(M9>0, (M11-M9)/M9, (M11-M9)/50) | S9: =P11-P9
B10: 2. 課堂 (第2月) | C10: 3 | D10: 4 | E10: 3 | F10: 4 | G10: 3 | H10: 4 | I10: 3 | J10: 4 | K10: 3 | L10: 4 | M10: =SUM(C10:L10) | N10: =AVERAGE(C10:L10) | O10: =IF(N10>=4.5,"🟢 獨立完成",IF(N10>=3.5,"🔵 口語提示",IF(N10>=2.0,"🟡 肢體/部分協助","🟠 大量協助"))) | P10: =M10/50
B11: 3. 後測 (第3月) | C11: 4 | D11: 5 | E11: 4 | F11: 5 | G11: 4 | H11: 5 | I11: 4 | J11: 5 | K11: 4 | L11: 5 | M11: =SUM(C11:L11) | N11: =AVERAGE(C11:L11) | O11: =IF(N11>=4.5,"🟢 獨立完成",IF(N11>=3.5,"🔵 口語提示",IF(N11>=2.0,"🟡 肢體/部分協助","🟠 大量協助"))) | P11: =M11/50
A12: 高齊 | B12: 1. 前測 (第1月) | C12: 2 | D12: 3 | E12: 4 | F12: 2 | G12: 3 | H12: 4 | I12: 2 | J12: 3 | K12: 4 | L12: 2 | M12: =SUM(C12:L12) | N12: =AVERAGE(C12:L12) | O12: =IF(N12>=4.5,"🟢 獨立完成",IF(N12>=3.5,"🔵 口語提示",IF(N12>=2.0,"🟡 肢體/部分協助","🟠 大量協助"))) | P12: =M12/50 | Q12: =M14-M12 | R12: =IF(M12>0, (M14-M12)/M12, (M14-M12)/50) | S12: =P14-P12
B13: 2. 課堂 (第2月) | C13: 3 | D13: 4 | E13: 3 | F13: 4 | G13: 3 | H13: 4 | I13: 3 | J13: 4 | K13: 3 | L13: 4 | M13: =SUM(C13:L13) | N13: =AVERAGE(C13:L13) | O13: =IF(N13>=4.5,"🟢 獨立完成",IF(N13>=3.5,"🔵 口語提示",IF(N13>=2.0,"🟡 肢體/部分協助","🟠 大量協助"))) | P13: =M13/50
B14: 3. 後測 (第3月) | C14: 4 | D14: 5 | E14: 4 | F14: 5 | G14: 4 | H14: 5 | I14: 4 | J14: 5 | K14: 4 | L14: 5 | M14: =SUM(C14:L14) | N14: =AVERAGE(C14:L14) | O14: =IF(N14>=4.5,"🟢 獨立完成",IF(N14>=3.5,"🔵 口語提示",IF(N14>=2.0,"🟡 肢體/部分協助","🟠 大量協助"))) | P14: =M14/50
A15: 芷嫻 | B15: 1. 前測 (第1月) | C15: 2 | D15: 3 | E15: 4 | F15: 2 | G15: 3 | H15: 4 | I15: 2 | J15: 3 | K15: 4 | L15: 2 | M15: =SUM(C15:L15) | N15: =AVERAGE(C15:L15) | O15: =IF(N15>=4.5,"🟢 獨立完成",IF(N15>=3.5,"🔵 口語提示",IF(N15>=2.0,"🟡 肢體/部分協助","🟠 大量協助"))) | P15: =M15/50 | Q15: =M17-M15 | R15: =IF(M15>0, (M17-M15)/M15, (M17-M15)/50) | S15: =P17-P15
B16: 2. 課堂 (第2月) | C16: 3 | D16: 4 | E16: 3 | F16: 4 | G16: 3 | H16: 4 | I16: 3 | J16: 4 | K16: 3 | L16: 4 | M16: =SUM(C16:L16) | N16: =AVERAGE(C16:L16) | O16: =IF(N16>=4.5,"🟢 獨立完成",IF(N16>=3.5,"🔵 口語提示",IF(N16>=2.0,"🟡 肢體/部分協助","🟠 大量協助"))) | P16: =M16/50
B17: 3. 後測 (第3月) | C17: 4 | D17: 5 | E17: 4 | F17: 5 | G17: 4 | H17: 5 | I17: 4 | J17: 5 | K17: 4 | L17: 5 | M17: =SUM(C17:L17) | N17: =AVERAGE(C17:L17) | O17: =IF(N17>=4.5,"🟢 獨立完成",IF(N17>=3.5,"🔵 口語提示",IF(N17>=2.0,"🟡 肢體/部分協助","🟠 大量協助"))) | P17: =M17/50
A18: 志豪 | B18: 1. 前測 (第1月) | C18: 2 | D18: 3 | E18: 4 | F18: 2 | G18: 3 | H18: 4 | I18: 2 | J18: 3 | K18: 4 | L18: 2 | M18: =SUM(C18:L18) | N18: =AVERAGE(C18:L18) | O18: =IF(N18>=4.5,"🟢 獨立完成",IF(N18>=3.5,"🔵 口語提示",IF(N18>=2.0,"🟡 肢體/部分協助","🟠 大量協助"))) | P18: =M18/50 | Q18: =M20-M18 | R18: =IF(M18>0, (M20-M18)/M18, (M20-M18)/50) | S18: =P20-P18
B19: 2. 課堂 (第2月) | C19: 3 | D19: 4 | E19: 3 | F19: 4 | G19: 3 | H19: 4 | I19: 3 | J19: 4 | K19: 3 | L19: 4 | M19: =SUM(C19:L19) | N19: =AVERAGE(C19:L19) | O19: =IF(N19>=4.5,"🟢 獨立完成",IF(N19>=3.5,"🔵 口語提示",IF(N19>=2.0,"🟡 肢體/部分協助","🟠 大量協助"))) | P19: =M19/50
B20: 3. 後測 (第3月) | C20: 4 | D20: 5 | E20: 4 | F20: 5 | G20: 4 | H20: 5 | I20: 4 | J20: 5 | K20: 4 | L20: 5 | M20: =SUM(C20:L20) | N20: =AVERAGE(C20:L20) | O20: =IF(N20>=4.5,"🟢 獨立完成",IF(N20>=3.5,"🔵 口語提示",IF(N20>=2.0,"🟡 肢體/部分協助","🟠 大量協助"))) | P20: =M20/50
A21: 雅婷 | B21: 1. 前測 (第1月) | C21: 2 | D21: 3 | E21: 4 | F21: 2 | G21: 3 | H21: 4 | I21: 2 | J21: 3 | K21: 4 | L21: 2 | M21: =SUM(C21:L21) | N21: =AVERAGE(C21:L21) | O21: =IF(N21>=4.5,"🟢 獨立完成",IF(N21>=3.5,"🔵 口語提示",IF(N21>=2.0,"🟡 肢體/部分協助","🟠 大量協助"))) | P21: =M21/50 | Q21: =M23-M21 | R21: =IF(M21>0, (M23-M21)/M21, (M23-M21)/50) | S21: =P23-P21
B22: 2. 課堂 (第2月) | C22: 3 | D22: 4 | E22: 3 | F22: 4 | G22: 3 | H22: 4 | I22: 3 | J22: 4 | K22: 3 | L22: 4 | M22: =SUM(C22:L22) | N22: =AVERAGE(C22:L22) | O22: =IF(N22>=4.5,"🟢 獨立完成",IF(N22>=3.5,"🔵 口語提示",IF(N22>=2.0,"🟡 肢體/部分協助","🟠 大量協助"))) | P22: =M22/50
B23: 3. 後測 (第3月) | C23: 4 | D23: 5 | E23: 4 | F23: 5 | G23: 4 | H23: 5 | I23: 4 | J23: 5 | K23: 4 | L23: 5 | M23: =SUM(C23:L23) | N23: =AVERAGE(C23:L23) | O23: =IF(N23>=4.5,"🟢 獨立完成",IF(N23>=3.5,"🔵 口語提示",IF(N23>=2.0,"🟡 肢體/部分協助","🟠 大量協助"))) | P23: =M23/50
A24: 全班平均常模 | C24: =AVERAGE(C6:C23) | D24: =AVERAGE(D6:D23) | E24: =AVERAGE(E6:E23) | F24: =AVERAGE(F6:F23) | G24: =AVERAGE(G6:G23) | H24: =AVERAGE(H6:H23) | I24: =AVERAGE(I6:I23) | J24: =AVERAGE(J6:J23) | ... N24: =AVERAGE(N6:N23) | O24: - | P24: =AVERAGE(P6:P23) | Q24: =AVERAGE(Q6:Q23) | R24: =AVERAGE(R6:R23) | S24: =AVERAGE(S6:S23)
A27: 【Q4 檢核指標項目清單參照】
A28: 指標 1 | B28: 1. 能辨識並察覺自己的身體出現不舒服或異常
A29: 指標 2 | B29: 2. 能準確指出或觸摸自己不舒服的身體部位
A30: 指標 3 | B30: 3. 能用言語或圖卡表達疼痛（如刺痛、悶痛）或不適感受
A31: 指標 4 | B31: 4. 能知道身體不適時需第一時間告知支持者或家屬
A32: 指標 5 | B32: 5. 能說出或指出需要尋求的醫療協助（如看醫生、吃藥）
A33: 指標 6 | B33: 6. 能正確選擇適合的日用／夜用型衛生用品
A34: 指標 7 | B34: 7. 能正確完成衛生用品的黏貼與更換完整流程
A35: 指標 8 | B35: 8. 能妥善包裝並丟棄使用過的衛生用品至垃圾桶
A36: 指標 9 | B36: 9. 就醫看診時能回答醫師的基本問診問題
A37: 指標 10 | B37: 10. 能主動向醫師或支持者提出自己的健康疑問

Sheet 年度成果統計總表
A1: 116年度全年度四季前後測成績與進步成效總表
A4: 學員姓名 | B4: Q1前測 | C4: Q1課堂 | D4: Q1後測 | E4: Q2前測 | F4: Q2課堂 | G4: Q2後測 | H4: Q3前測 | I4: Q3課堂 | J4: Q3後測 | K4: Q4前測 | L4: Q4課堂 | M4: Q4後測 | N4: 年度年初基準 | O4: 年度年末總結 | P4: 年度總進步率
A5: 宇彤 | B5: ='Q1評量打分'!M6 | C5: ='Q1評量打分'!M7 | D5: ='Q1評量打分'!M8 | E5: ='Q2評量打分'!M6 | F5: ='Q2評量打分'!M7 | G5: ='Q2評量打分'!M8 | H5: ='Q3評量打分'!M6 | I5: ='Q3評量打分'!M7 | J5: ='Q3評量打分'!M8 | K5: ='Q4評量打分'!M6 | L5: ='Q4評量打分'!M7 | M5: ='Q4評量打分'!M8 | N5: =B5 | O5: =M5 | P5: =(O5-N5)/N5
A6: 育萱 | B6: ='Q1評量打分'!M9 | C6: ='Q1評量打分'!M10 | D6: ='Q1評量打分'!M11 | E6: ='Q2評量打分'!M9 | F6: ='Q2評量打分'!M10 | G6: ='Q2評量打分'!M11 | H6: ='Q3評量打分'!M9 | I6: ='Q3評量打分'!M10 | J6: ='Q3評量打分'!M11 | K6: ='Q4評量打分'!M9 | L6: ='Q4評量打分'!M10 | M6: ='Q4評量打分'!M11 | N6: =B6 | O6: =M6 | P6: =(O6-N6)/N6
A7: 高齊 | B7: ='Q1評量打分'!M12 | C7: ='Q1評量打分'!M13 | D7: ='Q1評量打分'!M14 | E7: ='Q2評量打分'!M12 | F7: ='Q2評量打分'!M13 | G7: ='Q2評量打分'!M14 | H7: ='Q3評量打分'!M12 | I7: ='Q3評量打分'!M13 | J7: ='Q3評量打分'!M14 | K7: ='Q4評量打分'!M12 | L7: ='Q4評量打分'!M13 | M7: ='Q4評量打分'!M14 | N7: =B7 | O7: =M7 | P7: =(O7-N7)/N7
A8: 芷嫻 | B8: ='Q1評量打分'!M15 | C8: ='Q1評量打分'!M16 | D8: ='Q1評量打分'!M17 | E8: ='Q2評量打分'!M15 | F8: ='Q2評量打分'!M16 | G8: ='Q2評量打分'!M17 | H8: ='Q3評量打分'!M15 | I8: ='Q3評量打分'!M16 | J8: ='Q3評量打分'!M17 | K8: ='Q4評量打分'!M15 | L8: ='Q4評量打分'!M16 | M8: ='Q4評量打分'!M17 | N8: =B8 | O8: =M8 | P8: =(O8-N8)/N8
A9: 志豪 | B9: ='Q1評量打分'!M18 | C9: ='Q1評量打分'!M19 | D9: ='Q1評量打分'!M20 | E9: ='Q2評量打分'!M18 | F9: ='Q2評量打分'!M19 | G9: ='Q2評量打分'!M20 | H9: ='Q3評量打分'!M18 | I9: ='Q3評量打分'!M19 | J9: ='Q3評量打分'!M20 | K9: ='Q4評量打分'!M18 | L9: ='Q4評量打分'!M19 | M9: ='Q4評量打分'!M20 | N9: =B9 | O9: =M9 | P9: =(O9-N9)/N9
A10: 雅婷 | B10: ='Q1評量打分'!M21 | C10: ='Q1評量打分'!M22 | D10: ='Q1評量打分'!M23 | E10: ='Q2評量打分'!M21 | F10: ='Q2評量打分'!M22 | G10: ='Q2評量打分'!M23 | H10: ='Q3評量打分'!M21 | I10: ='Q3評量打分'!M22 | J10: ='Q3評量打分'!M23 | K10: ='Q4評量打分'!M21 | L10: ='Q4評量打分'!M22 | M10: ='Q4評量打分'!M23 | N10: =B10 | O10: =M10 | P10: =(O10-N10)/N10

Sheet ISP質性評語建議
A1: 個別化服務計畫 (ISP) 與評鑑報告 - 衛教成效質性敘述自動生成範本
A4: 學員姓名 | B4: 評量季度 | C4: 分數成長摘要 | D4: 當前學習自立階段 | E4: ISP 質性敘述建議 (可直接複製於評鑑與服務紀錄)
A5: 宇彤 | B5: 第一季 (健康衛生) | C5: 前測 28分 ➔ 課堂 36分 ➔ 後測 42分 (+14分, 進步率 50.0%) | D5: 🔵 口語提示階段 (4.2分/基本自立) | E5: 在第一季『健康衛生與日常照護』中，前測得分為28分，經3個月結構化教學與實作，後測提升至42分（進步14分，進步率50.0%）。其中洗手步驟已由『部分肢體協助（2分）』提升至『聽到口語提示即可正確完成（4分）』，已達到基本生活自立水準。
A6: 育萱 | B6: 第一季 (健康衛生) | C6: 前測 35分 ➔ 課堂 40分 ➔ 後測 46分 (+11分, 進步率 31.4%) | D6: 🟢 獨立自主階段 (4.6分/獨立達標) | E6: 在第一季衛教實作中展現優異穩定度，前測35分提升至後測46分。潔牙角度與刷牙步驟已能完全自主獨立完成（達5分），並能主動擔任同儕示範小幫手。
A7: 高齊 | B7: 第一季 (健康衛生) | C7: 前測 25分 ➔ 課堂 32分 ➔ 後測 40分 (+15分, 進步率 60.0%) | D7: 🔵 口語提示階段 (4.0分/基本自立) | E7: 前測為25分（需大量協助），經課堂持續練習與視覺提示支持，後測大幅進步至40分。傷口清潔與OK繃黏貼已能依口語提示順利操作，進步幅度達60.0%。
A8: 芷嫻 | B8: 第一季 (健康衛生) | C8: 前測 32分 ➔ 課堂 40分 ➔ 後測 44分 (+12分, 進步率 37.5%) | D8: 🔵 口語提示階段 (4.4分/基本自立) | E8: 前測32分提升至後測44分，能精準掌握流動水沖洗與貝氏刷牙法，止鼻血處置亦能主動保持頭部微前傾，學習成效良好。
